-- MariaDB dump 10.19  Distrib 10.6.4-MariaDB, for Win64 (AMD64)
--
-- Host: localhost    Database: tokped
-- ------------------------------------------------------
-- Server version	10.6.4-MariaDB

/*!40101 SET @OLD_CHARACTER_SET_CLIENT=@@CHARACTER_SET_CLIENT */;
/*!40101 SET @OLD_CHARACTER_SET_RESULTS=@@CHARACTER_SET_RESULTS */;
/*!40101 SET @OLD_COLLATION_CONNECTION=@@COLLATION_CONNECTION */;
/*!40101 SET NAMES utf8mb4 */;
/*!40103 SET @OLD_TIME_ZONE=@@TIME_ZONE */;
/*!40103 SET TIME_ZONE='+00:00' */;
/*!40014 SET @OLD_UNIQUE_CHECKS=@@UNIQUE_CHECKS, UNIQUE_CHECKS=0 */;
/*!40014 SET @OLD_FOREIGN_KEY_CHECKS=@@FOREIGN_KEY_CHECKS, FOREIGN_KEY_CHECKS=0 */;
/*!40101 SET @OLD_SQL_MODE=@@SQL_MODE, SQL_MODE='NO_AUTO_VALUE_ON_ZERO' */;
/*!40111 SET @OLD_SQL_NOTES=@@SQL_NOTES, SQL_NOTES=0 */;

--
-- Current Database: `tokped`
--

CREATE DATABASE /*!32312 IF NOT EXISTS*/ `tokped` /*!40100 DEFAULT CHARACTER SET latin1 */;

USE `tokped`;

--
-- Table structure for table `akun`
--

DROP TABLE IF EXISTS `akun`;
/*!40101 SET @saved_cs_client     = @@character_set_client */;
/*!40101 SET character_set_client = utf8 */;
CREATE TABLE `akun` (
  `IDakun` int(10) NOT NULL,
  `NamaAkun` varchar(50) NOT NULL,
  `Email` varchar(50) DEFAULT NULL,
  `NoTelp` varchar(15) DEFAULT NULL,
  PRIMARY KEY (`IDakun`),
  UNIQUE KEY `NamaAkun` (`NamaAkun`)
) ENGINE=InnoDB DEFAULT CHARSET=latin1;
/*!40101 SET character_set_client = @saved_cs_client */;

--
-- Dumping data for table `akun`
--

LOCK TABLES `akun` WRITE;
/*!40000 ALTER TABLE `akun` DISABLE KEYS */;
INSERT INTO `akun` (`IDakun`, `NamaAkun`, `Email`, `NoTelp`) VALUES (1,'Dusty Berkley','dberkley0@springer.com','278-378-3865'),(2,'Dedra Marvin','dmarvin1@goodreads.com','238-533-6924'),(3,'Burtie Peck','bpeck2@vimeo.com','400-911-8273'),(4,'Fabien Drinnan','fdrinnan3@time.com','341-140-8977'),(5,'Gabe Duffell','gduffell4@imdb.com','193-308-8832'),(6,'Diana Blaxley','dblaxley5@gizmodo.com','151-102-5895'),(7,'Brena Cogman','bcogman6@stumbleupon.com','301-811-1635'),(8,'Retha Laugheran','rlaugheran7@hhs.gov','535-959-2751'),(9,'Gabriell Worgan','gworgan8@imageshack.us','251-608-4688'),(10,'Sherilyn Dillinger','sdillinger9@go.com','967-974-2152'),(11,'Barbi Formie','bformiea@livejournal.com','364-280-9838'),(12,'Maitilde Turley','mturleyb@edublogs.org','266-133-2423'),(13,'Dunc Antyukhin','dantyukhinc@shareasale.com','239-999-2259'),(14,'Isa Sobtka','isobtkad@toplist.cz','948-166-9488'),(15,'Gage Linwood','glinwoode@gov.uk','774-588-8509'),(16,'Rici Daine','rdainef@dyndns.org','202-652-7867'),(17,'Gwynne Babington','Email','344-619-3063'),(18,'Ellswerth Yexley','dberkley0@springer.com','460-989-0698'),(19,'Dore Prys','dmarvin1@goodreads.com','759-132-1928'),(20,'Levi Hartwell','bpeck2@vimeo.com','433-659-8456'),(21,'Thadeus Sargood','fdrinnan3@time.com','214-987-8366'),(22,'Bram Kennon','gduffell4@imdb.com','945-876-3575'),(23,'Catlee Rapo','dblaxley5@gizmodo.com','264-728-3414'),(24,'Gertrud Brisson','bcogman6@stumbleupon.com','758-612-2911'),(25,'Franky Klampk','fklampko@tripod.com','496-825-1603'),(26,'Sergeant Worthing','sworthingp@discuz.net','104-646-5473'),(27,'Raquela Casier','rcasierq@mediafire.com','332-701-7901'),(28,'Fabe Hugueville','fhugueviller@google.co.jp','557-356-6710'),(29,'Dolph Cooch','dcoochs@lulu.com','789-230-6538'),(30,'Hort Cockland','hcocklandt@wikia.com','805-282-3087'),(31,'Starla Cronchey','scroncheyu@shareasale.com','796-570-1793'),(32,'Ashien McGrail','amcgrailv@theglobeandmail.com','851-849-0783'),(33,'Clemmie Jenkin','cjenkinw@mayoclinic.com','434-827-6772'),(34,'Amelie Minucci','aminuccix@icio.us','414-233-2053'),(35,'Blaine Avann','bavanny@bloglovin.com','672-759-9617'),(36,'Gunter Lydon','glydonz@cloudflare.com','905-554-3687'),(37,'Wally MacMenemy','wmacmenemy10@cnet.com','322-612-5524'),(38,'Sileas Fausset','sfausset11@shareasale.com','338-194-7704'),(39,'Howey McLese','hmclese12@4shared.com','420-938-5402'),(40,'Erhard Roscoe','eroscoe13@amazon.co.jp','899-965-9046'),(41,'Mack Odlin','modlin14@seesaa.net','240-269-7798'),(42,'Harbert Beste','hbeste15@house.gov','403-985-1099'),(43,'Cordi Dawkes','cdawkes16@github.io','678-661-1920'),(44,'Cord Gorgler','cgorgler17@cisco.com','678-532-5457'),(45,'Bernie Sorensen','bsorensen18@bbc.co.uk','548-332-4434'),(46,'Padriac Dymick','pdymick19@alexa.com','547-872-6782'),(47,'Letta Conyard','lconyard1a@rambler.ru','828-570-9826'),(48,'Inna Furse','ifurse1b@squidoo.com','997-892-8883'),(49,'Gualterio Ipwell','gipwell1c@addtoany.com','977-635-6789'),(50,'Electra Jozefczak','ejozefczak1d@dion.ne.jp','994-428-5990'),(51,'Mallory Diggles','mdiggles1e@fema.gov','808-357-8367'),(52,'Raymund Udey','rudey1f@parallels.com','841-421-9402'),(53,'Kaleena Honnicott','khonnicott1g@fema.gov','206-492-8085'),(54,'Nettle Manson','nmanson1h@shinystat.com','509-809-8521'),(55,'Vanna Tullot','vtullot1i@ft.com','555-301-4536'),(56,'Cello Hiskey','chiskey1j@miibeian.gov.cn','395-320-3998'),(57,'Ilse Revelle','irevelle1k@craigslist.org','852-142-2890'),(58,'Lazarus Longo','llongo1l@canalblog.com','154-111-3610'),(59,'Glennis Ciccottio','gciccottio1m@fc2.com','927-577-5546'),(60,'Karoly Alves','kalves1n@1688.com','884-470-3562'),(61,'Valenka Denizet','vdenizet1o@addtoany.com','326-711-1715'),(62,'Mia Hummerston','mhummerston1p@epa.gov','849-192-9690'),(63,'Orin Gowling','ogowling1q@answers.com','466-120-0015'),(64,'Ashleigh Rollett','arollett1r@uol.com.br','170-928-2819'),(65,'Harmon Cuddehay','hcuddehay1s@barnesandnoble.com','114-994-2154'),(66,'Patin Bainton','pbainton1t@prweb.com','192-715-3763'),(67,'Roze Stocks','rstocks1u@a8.net','516-962-6607'),(68,'Peggy Ivanin','pivanin1v@google.de','932-799-8391'),(69,'Kane Sutterfield','ksutterfield1w@imgur.com','218-285-8166'),(70,'Angeline Marshal','amarshal1x@simplemachines.org','580-867-6216'),(71,'Madlen McNellis','mmcnellis1y@cpanel.net','156-764-3384'),(72,'Decca Lucken','dlucken1z@liveinternet.ru','973-286-9771'),(73,'Jean Pennigar','jpennigar20@go.com','452-277-8134'),(74,'Saidee Boame','sboame21@nih.gov','427-740-9741'),(75,'Dalton Retchford','dretchford22@ibm.com','649-351-1912'),(76,'Valencia Tefft','vtefft23@oakley.com','194-123-8843'),(77,'Ezmeralda Pantecost','epantecost24@networkadvertising.org','204-395-5579'),(78,'Leon Tivnan','ltivnan25@wix.com','830-129-7770'),(79,'Laurice Cobelli','lcobelli26@youtu.be','928-787-3905'),(80,'Evyn Faull','efaull27@google.de','659-538-9049'),(81,'Annabelle Paschke','apaschke28@cloudflare.com','773-336-7270'),(82,'Aggi Wolstenholme','awolstenholme29@sciencedaily.com','640-990-7350'),(83,'Thurston Kitteringham','tkitteringham2a@statcounter.com','607-142-2095'),(84,'Randolf Tyers','rtyers2b@51.la','885-101-2928'),(85,'Dav MacNeice','dmacneice2c@miibeian.gov.cn','854-431-8531'),(86,'Enrichetta Larimer','elarimer2d@cyberchimps.com','257-536-8950'),(87,'Sonny Malsher','smalsher2e@geocities.com','926-198-9128'),(88,'Gonzalo Cheine','gcheine2f@ft.com','704-336-9000'),(89,'Darya Cousans','dcousans2g@jigsy.com','977-634-4969'),(90,'Everard Marvell','emarvell2h@prnewswire.com','401-593-0839'),(91,'Lou Kelmere','lkelmere2i@gnu.org','905-225-9096'),(92,'Jaquelyn Eggle','jeggle2j@google.de','667-853-3513'),(93,'Madelene Hacket','mhacket2k@gov.uk','511-328-2400'),(94,'Anne-corinne Kohtler','akohtler2l@macromedia.com','469-950-3535'),(95,'Shandy Swetland','sswetland2m@imgur.com','848-178-6581'),(96,'Reinald Stanyforth','rstanyforth2n@uol.com.br','800-901-2306'),(97,'Alvera Huffy','ahuffy2o@uol.com.br','684-673-1822'),(98,'Daren Aldwich','daldwich2p@tiny.cc','908-998-2358'),(99,'Raul Burmingham','rburmingham2q@usatoday.com','402-732-5436'),(100,'Marge Lammers','mlammers2r@aboutads.info','879-413-2870'),(101,'Rudie Shalloo','rshalloo2s@indiatimes.com','288-279-6845'),(102,'Judith Sallery','jsallery2t@reference.com','668-355-8500'),(103,'Brendin Corten','bcorten2u@yahoo.co.jp','915-104-3124'),(104,'Kipper Evelyn','kevelyn2v@webmd.com','478-117-0582'),(105,'Coleen Gutsell','cgutsell2w@guardian.co.uk','182-464-5562'),(106,'Coriss Mully','cmully2x@cam.ac.uk','178-421-5971'),(107,'Pierre Musker','pmusker2y@i2i.jp','771-226-4456'),(108,'Pooh Maddin','pmaddin2z@desdev.cn','401-793-1368'),(109,'Eli Diggons','ediggons30@deviantart.com','207-982-6175'),(110,'Hamnet Goozee','hgoozee31@toplist.cz','121-165-6021'),(111,'Shannon Boarleyson','sboarleyson32@trellian.com','126-807-7407'),(112,'Brent Dripp','bdripp33@sina.com.cn','511-630-0382'),(113,'Verile Gregoratti','vgregoratti34@gnu.org','235-658-8085'),(114,'Giles Dumbrell','gdumbrell35@weibo.com','909-923-3194'),(115,'Clarke Imeson','cimeson36@pinterest.com','656-102-6668'),(116,'Benedict Frift','bfrift37@furl.net','915-120-6813'),(117,'Glennie Shackesby','gshackesby38@aboutads.info','418-797-4852'),(118,'Tillie Trent','ttrent39@gizmodo.com','983-113-9096'),(119,'Rock Windeatt','rwindeatt3a@oracle.com','336-886-2981'),(120,'Germayne Mitton','gmitton3b@mtv.com','872-781-7614'),(121,'Raquela McAlpine','rmcalpine3c@freewebs.com','236-655-6562'),(122,'Borg MacAlister','bmacalister3d@nps.gov','857-322-3992'),(123,'Riva Blaby','rblaby3e@princeton.edu','900-929-9754'),(124,'Berget Losel','blosel3f@alexa.com','701-195-7913'),(125,'Adam Bithany','abithany3g@time.com','913-451-2167'),(126,'Eddy Robben','erobben3h@fotki.com','212-911-9267'),(127,'Decca Feldberg','dfeldberg3i@intel.com','217-936-9235'),(128,'Eustace Carratt','ecarratt3j@bandcamp.com','746-144-4515'),(129,'Pollyanna Petruszka','ppetruszka3k@oracle.com','720-199-8334'),(130,'Nikkie Taynton','ntaynton3l@tamu.edu','364-413-4976'),(131,'Lilas Flintoft','lflintoft3m@zdnet.com','889-846-8232'),(132,'Gene Wickliffe','gwickliffe3n@macromedia.com','449-700-0128'),(133,'Brina Claasen','bclaasen3o@acquirethisname.com','179-522-3891'),(134,'Ingunna Widdowson','iwiddowson3p@google.pl','190-513-8247'),(135,'Derron McCadden','dmccadden3q@infoseek.co.jp','173-140-3060'),(136,'Silas Gatty','sgatty3r@tmall.com','138-378-3360'),(137,'Ailee Berg','aberg3s@amazonaws.com','265-352-3964'),(138,'Sherry Coward','scoward3t@elpais.com','106-120-3348'),(139,'Devin Tire','dtire3u@google.nl','230-309-7181'),(140,'Orsa Jorgesen','ojorgesen3v@economist.com','821-875-6698'),(141,'Britt Worral','bworral3w@ucoz.com','599-590-2403'),(142,'Diana Matovic','dmatovic3x@privacy.gov.au','453-621-4341'),(143,'Ken Wilkin','kwilkin3y@cdc.gov','795-308-6256'),(144,'Ulrika Eagell','ueagell3z@hugedomains.com','634-833-9079'),(145,'Marchall Tiler','mtiler40@fc2.com','753-759-8425'),(146,'Farlay Hummerston','fhummerston41@hostgator.com','196-312-3320'),(147,'Jareb Dewbury','jdewbury42@godaddy.com','407-881-8759'),(148,'Marlon Wallis','mwallis43@about.com','818-293-5900'),(149,'Jodi Philpot','jphilpot44@istockphoto.com','388-781-6020'),(150,'Kizzie Wager','kwager45@twitter.com','398-536-3332'),(151,'Basilio Yashanov','byashanov46@tiny.cc','661-357-6512'),(152,'Biddy Luby','bluby47@pcworld.com','714-401-9624'),(153,'Elsie McLeod','emcleod48@weather.com','846-800-7755'),(154,'Nealson Langstone','nlangstone49@virginia.edu','798-255-5732'),(155,'Symon Barrell','sbarrell4a@mediafire.com','384-839-5639'),(156,'Ransell Scottesmoor','rscottesmoor4b@answers.com','776-870-2251'),(157,'Mathilda Lincey','mlincey4c@discovery.com','445-710-6752'),(158,'Enos Dilliston','edilliston4d@sphinn.com','447-769-9829'),(159,'Hedy Duddle','hduddle4e@artisteer.com','872-747-2259'),(160,'Sada Fawdery','sfawdery4f@com.com','482-121-5270'),(161,'Amata Peeter','apeeter4g@delicious.com','545-128-2425'),(162,'Ranna Giffin','rgiffin4h@linkedin.com','186-903-0455'),(163,'Drusilla Gally','dgally4i@de.vu','502-354-0875'),(164,'Bail Urry','burry4j@furl.net','612-355-1944'),(165,'Tybalt Cureton','tcureton4k@sciencedirect.com','407-943-9112'),(166,'Chevalier Burless','cburless4l@engadget.com','301-338-9497'),(167,'Si Yurkov','syurkov4m@dropbox.com','648-284-3560'),(168,'Beverie Crinkley','bcrinkley4n@apple.com','828-628-2945'),(169,'Bord Ludwikiewicz','bludwikiewicz4o@mlb.com','581-251-0464'),(170,'Verge Winsome','vwinsome4p@stumbleupon.com','849-210-5830'),(171,'Rabbi Gallier','rgallier4q@ycombinator.com','773-874-5578'),(172,'Susie Kennaway','skennaway4r@patch.com','968-181-8630'),(173,'Carrissa Dracksford','cdracksford4s@berkeley.edu','647-878-1659'),(174,'Scot Storre','sstorre4t@nps.gov','887-950-8840'),(175,'Sylas Crauford','scrauford4u@senate.gov','607-462-8954'),(176,'Janella Ilyasov','jilyasov4v@vinaora.com','509-124-9082'),(177,'Muriel Tenant','mtenant4w@independent.co.uk','539-292-8185'),(178,'Irina Duddridge','iduddridge4x@bloglovin.com','593-394-4569'),(179,'Silas Piotr','spiotr4y@unc.edu','884-755-8029'),(180,'Aigneis Tissier','atissier4z@dagondesign.com','791-118-9258'),(181,'Audrie Bouldon','abouldon50@hhs.gov','827-263-6602'),(182,'Zandra Cornilleau','zcornilleau51@diigo.com','515-859-8099'),(183,'Elia Brimelow','ebrimelow52@state.tx.us','863-597-9376'),(184,'Jillayne Poulton','jpoulton53@berkeley.edu','107-967-8356'),(185,'Dulsea Andrysiak','dandrysiak54@prlog.org','134-964-2408'),(186,'Joey Brandin','jbrandin55@yelp.com','903-309-7049'),(187,'Panchito Eefting','peefting56@guardian.co.uk','192-312-4128'),(188,'Nobie Bleasby','nbleasby57@sohu.com','286-315-3098'),(189,'Pepita Roddie','proddie58@bluehost.com','214-237-0123'),(190,'Nap Kemshell','nkemshell59@harvard.edu','459-877-0867'),(191,'Sadye Brumfield','sbrumfield5a@craigslist.org','935-747-6258'),(192,'Theodoric Eldrid','teldrid5b@si.edu','652-341-4201'),(193,'Anett Kristof','akristof5c@yolasite.com','907-168-8676'),(194,'Saloma Pagitt','spagitt5d@chicagotribune.com','667-457-6972'),(195,'Marnia Petters','mpetters5e@devhub.com','454-769-6734'),(196,'Ardelia Lorie','alorie5f@cornell.edu','111-952-0740'),(197,'Maye Lamborn','mlamborn5g@barnesandnoble.com','172-301-3745'),(198,'Ariadne Ivshin','aivshin5h@intel.com','806-451-8257'),(199,'Joyous Prozescky','jprozescky5i@cocolog-nifty.com','808-942-2504'),(200,'Brendan Medling','bmedling5j@hc360.com','866-233-3786'),(201,'Bent Tipton','btipton5k@sbwire.com','236-707-9121'),(202,'Gerladina Duckitt','gduckitt5l@php.net','919-943-0849'),(203,'Ula O\'Keenan','uokeenan5m@theguardian.com','841-310-3304'),(204,'Janifer Esmonde','jesmonde5n@devhub.com','539-949-1035'),(205,'Yuma Charsley','ycharsley5o@csmonitor.com','757-201-5319'),(206,'Waverley Van den Dael','wvan5p@wsj.com','138-335-2102'),(207,'Lion Keyson','lkeyson5q@ustream.tv','391-910-1570'),(208,'Merwin Jimeno','mjimeno5r@huffingtonpost.com','410-946-2367'),(209,'Ursula Curzon','ucurzon5s@etsy.com','930-559-8990'),(210,'Barb Donnersberg','bdonnersberg5t@cmu.edu','268-920-5582'),(211,'Giraud Beldham','gbeldham5u@google.com.au','982-553-0433'),(212,'Rafa McAnulty','rmcanulty5v@pinterest.com','595-757-5357'),(213,'Lazar Royle','lroyle5w@people.com.cn','200-476-4213'),(214,'Gianna Killerby','gkillerby5x@nyu.edu','401-328-3363'),(215,'Meier Purchase','mpurchase5y@linkedin.com','441-860-0507'),(216,'Loren Karet','lkaret5z@microsoft.com','354-357-6671'),(217,'Sol Arguile','sarguile60@sohu.com','887-247-8580'),(218,'Merridie Westhoff','mwesthoff61@fema.gov','442-204-4907'),(219,'Alisun Bennet','abennet62@google.ru','355-820-1271'),(220,'Mack Zanetti','mzanetti63@hatena.ne.jp','103-160-6854'),(221,'Lelah Styant','lstyant64@cpanel.net','504-888-4934'),(222,'Kissiah Knewstubb','kknewstubb65@google.com.br','433-735-6330'),(223,'Candis Cavolini','ccavolini66@goodreads.com','825-187-9719'),(224,'Rozalin Steptoe','rsteptoe67@dion.ne.jp','513-965-0493'),(225,'Brynn Champniss','bchampniss68@foxnews.com','640-890-9896'),(226,'Obed Heaps','oheaps69@harvard.edu','224-218-5275'),(227,'Phyllys Diggons','pdiggons6a@biblegateway.com','165-850-9058'),(228,'Johnny Despenser','jdespenser6b@ifeng.com','207-989-8436'),(229,'Else Truitt','etruitt6c@mit.edu','138-353-1150'),(230,'Ernestine Tooby','etooby6d@apache.org','977-952-6780'),(231,'Clare Dilley','cdilley6e@cpanel.net','469-515-4439'),(232,'Taffy Sterman','tsterman6f@last.fm','519-413-8779'),(233,'Meridith Lucks','mlucks6g@geocities.com','951-775-3015'),(234,'Renelle Kimbrough','rkimbrough6h@hp.com','474-828-4354'),(235,'Kristian Olcot','kolcot6i@hostgator.com','517-605-3114'),(236,'Sibeal Maidlow','smaidlow6j@jigsy.com','517-567-4652'),(237,'Bess Moralas','bmoralas6k@etsy.com','308-101-7365'),(238,'Ricky McAlroy','rmcalroy6l@bloglines.com','986-851-5631'),(239,'Ring Lillee','rlillee6m@xrea.com','504-853-0544'),(240,'Sylvester Pavitt','spavitt6n@google.pl','999-738-7816'),(241,'Derk Criple','dcriple6o@quantcast.com','914-564-0705'),(242,'Timi O\'Flannery','toflannery6p@wordpress.com','349-527-7008'),(243,'Abbie Rudkin','arudkin6q@ucla.edu','448-170-7766'),(244,'Rocky Castagnier','rcastagnier6r@bandcamp.com','693-234-4850'),(245,'Benny York','byork6s@google.fr','810-834-3972'),(246,'Patty Coppins','pcoppins6t@bloglovin.com','444-460-1190'),(247,'Harley Wilcot','hwilcot6u@ucoz.com','134-882-7929'),(248,'Rockwell Chellenham','rchellenham6v@topsy.com','606-755-8747'),(249,'Tina Garfoot','tgarfoot6w@chron.com','978-467-1473'),(250,'Wolfy Ratnege','wratnege6x@fotki.com','246-225-4427'),(251,'Gorden May','gmay6y@foxnews.com','164-533-7706'),(252,'Gussy Toderi','gtoderi6z@1688.com','592-918-7650'),(253,'Terri-jo Di Nisco','tdi70@nasa.gov','129-307-2750'),(254,'Gusty Leethem','gleethem71@abc.net.au','592-658-6390'),(255,'Junia Connell','jconnell72@auda.org.au','272-844-0556'),(256,'Carrie Downer','cdowner73@mozilla.org','730-301-5842'),(257,'Florencia Wallworth','fwallworth74@ovh.net','258-490-6790'),(258,'Rae Cleveland','rcleveland75@wp.com','867-608-3550'),(259,'Hoebart Athersmith','hathersmith76@g.co','552-359-6596'),(260,'Ewen Prendiville','eprendiville77@icio.us','262-511-6123'),(261,'Celka Whiteway','cwhiteway78@salon.com','300-187-4815'),(262,'Arnoldo McCurdy','amccurdy79@soup.io','641-354-2896'),(263,'Ki Buxton','kbuxton7a@xinhuanet.com','320-757-0763'),(264,'Andeee Brooksbank','abrooksbank7b@discuz.net','111-505-9349'),(265,'Stavros Dodds','sdodds7c@dedecms.com','193-655-6231'),(266,'Alon Ammer','aammer7d@clickbank.net','664-696-2864'),(267,'Dallas Haslen','dhaslen7e@wisc.edu','303-895-4880'),(268,'Jonis Valentetti','jvalentetti7f@house.gov','529-254-7788'),(269,'Felipe Latek','flatek7g@yellowpages.com','757-151-5969'),(270,'Nicola Priddis','npriddis7h@livejournal.com','800-575-5500'),(271,'Hayward Jefferies','hjefferies7i@ucsd.edu','159-803-9404'),(272,'Blane Haile','bhaile7j@blogs.com','575-884-8394'),(273,'Delcina Hinze','dhinze7k@webnode.com','755-904-6657'),(274,'Katinka Mintrim','kmintrim7l@china.com.cn','365-110-8451'),(275,'Tanya Scholar','tscholar7m@woothemes.com','531-748-8729'),(276,'Willabella Gabotti','wgabotti7n@utexas.edu','615-664-4959'),(277,'Alanna Allderidge','aallderidge7o@bbb.org','849-724-0975'),(278,'Nealon Bill','nbill7p@state.tx.us','763-918-6336'),(279,'Batholomew Exall','bexall7q@squarespace.com','158-300-3000'),(280,'Bailey Buffey','bbuffey7r@sitemeter.com','151-131-2078'),(281,'Jude Moysey','jmoysey7s@wunderground.com','240-470-3924'),(282,'Gretta Haquard','ghaquard7t@last.fm','874-471-9549'),(283,'Nettie Olifaunt','nolifaunt7u@bbc.co.uk','682-702-8231'),(284,'Jonathan Furley','jfurley7v@wiley.com','237-136-5374'),(285,'Erich Crinion','ecrinion7w@xrea.com','135-326-4446'),(286,'Gifford Culbard','gculbard7x@home.pl','316-822-7387'),(287,'Valencia Murname','vmurname7y@github.com','596-436-9086'),(288,'Kermy Sailor','ksailor7z@drupal.org','766-193-0953'),(289,'Phillida Colliard','pcolliard80@geocities.com','117-857-4833'),(290,'Freddi Brookes','fbrookes81@house.gov','329-153-0435'),(291,'Maddy Fettis','mfettis82@chicagotribune.com','882-462-8681'),(292,'Radcliffe Gentery','rgentery83@usatoday.com','240-616-7919'),(293,'Cassandry Blankett','cblankett84@nytimes.com','473-493-1065'),(294,'Reagen De Miranda','rde85@w3.org','928-609-9194'),(295,'Pip Pfeuffer','ppfeuffer86@seesaa.net','334-455-9252'),(296,'Fawnia Kimblen','fkimblen87@mysql.com','194-874-9925'),(297,'Karin Quan','kquan88@microsoft.com','941-498-1714'),(298,'Clair Belvard','cbelvard89@sina.com.cn','732-400-7172'),(299,'Euphemia Grubey','egrubey8a@washington.edu','827-503-1190'),(300,'Chalmers Domnick','cdomnick8b@wunderground.com','823-241-2727');
/*!40000 ALTER TABLE `akun` ENABLE KEYS */;
UNLOCK TABLES;

--
-- Table structure for table `alamat`
--

DROP TABLE IF EXISTS `alamat`;
/*!40101 SET @saved_cs_client     = @@character_set_client */;
/*!40101 SET character_set_client = utf8 */;
CREATE TABLE `alamat` (
  `IDakun` int(10) NOT NULL,
  `NamaPenerima` varchar(50) NOT NULL,
  `NoTelp` varchar(15) NOT NULL,
  `Label` varchar(30) NOT NULL,
  `Jalan` varchar(150) NOT NULL,
  `KodePos` varchar(8) NOT NULL,
  PRIMARY KEY (`Jalan`),
  KEY `IDakun` (`IDakun`),
  CONSTRAINT `alamat_ibfk_1` FOREIGN KEY (`IDakun`) REFERENCES `akun` (`IDakun`) ON DELETE CASCADE ON UPDATE CASCADE
) ENGINE=InnoDB DEFAULT CHARSET=latin1;
/*!40101 SET character_set_client = @saved_cs_client */;

--
-- Dumping data for table `alamat`
--

LOCK TABLES `alamat` WRITE;
/*!40000 ALTER TABLE `alamat` DISABLE KEYS */;
INSERT INTO `alamat` (`IDakun`, `NamaPenerima`, `NoTelp`, `Label`, `Jalan`, `KodePos`) VALUES (261,'Taite Bisatt','429-103-1804','Rumah2','Bentean 67','21077'),(87,'Tuesday Erswell','651-235-2540','Rumah','Bentean Raya 09 B','77498'),(153,'Opal Hamments','585-732-0487','Home','Bukit Asri 57','49414'),(233,'Kordula Portch','232-410-6718','Rumah','Bukit Kemang 1','36911'),(25,'Rita Comrie','649-136-0911','Home','Bukit Kemang Baru 75','30639'),(254,'Daven Luckwell','387-548-4936','Rumah','Bukit Kemang Baru Sejora 106','22019'),(150,'Geordie Chadwin','332-445-6985','Rumah','Burbungan 1','99761'),(80,'Jorge Beeck','920-742-7462','Home','Burbungan 91','64696'),(109,'Lennard Shatliffe','480-291-8123','Rumah','Burbungan Jute 78','11412'),(11,'Lila Leng','422-844-6843','Home','Burbungan Raya 05B','39261'),(236,'Waylon Pellingar','990-867-6660','Rumah','Dk. Abdul Rahmat No. 119','38460'),(108,'Elisabet Foker','718-896-7162','Rumah','Dk. Aceh No. 471','34123'),(2,'Sibyl Minall','637-770-1203','Home','Dk. Bakau Griya Utama No. 160','93352'),(292,'Rahel Grigolashvill','473-622-0006','Rumah','Dk. Bambon No. 765','85066'),(105,'Alexis Fenton','270-925-5861','Kantor','Dk. Bappenas No. 604','63040'),(180,'Carmelle Tarborn','322-922-5989','Rumah','Dk. Bass No. 593','62163'),(182,'Sella Meagher','441-831-2321','Rumah','Dk. Diponegoro No. 764','46390'),(226,'Barris Kinnar','955-161-4326','Home','Dk. Dr. Junjunan No. 654','14094'),(21,'Fedora Shoulders','291-600-6437','Rumah','Dk. Elang No. 359','13827'),(279,'Annamaria Phillpotts','358-247-8757','Home','Dk. Gambang No. 220','77033'),(94,'Rafe Girkins','865-638-7039','Rumah','Dk. Gedebage Selatan No. 442','33871'),(241,'Libbi Gulley','379-509-2905','Rumah','Dk. Gotong Royong No. 545','59098'),(244,'Cammi Ellicock','911-323-7345','Home','Dk. Hasanuddin No. 53','35623'),(119,'Munroe Gaffon','777-655-3457','Home','Dk. Kiaracondong No. 513','45739'),(171,'April Swinden','441-907-7516','Rumah','Dk. Krakatau No. 985','37338'),(24,'Chadwick Scrammage','147-805-0765','Rumah','Dk. Kusmanto No. 368','18223'),(20,'Ramon Gawthorp','540-608-5952','Rumah','Dk. Lada No. 510','18113'),(257,'Odetta MacConnel','958-808-0196','Rumah','Dk. Lumban Tobing No. 421','69401'),(259,'Roley Kleeman','424-416-2903','Rumah','Dk. Moch. Toha No. 792','93233'),(39,'Pru Sandever','827-603-7036','Rumah2','Dk. Pasir Koja No. 637','17215'),(27,'Beverlee Skingle','483-207-9462','Rumah','Dk. R.E. Martadinata No. 510','22009'),(299,'Brice Nisbet','659-816-4163','Rumah','Dk. Sugiyopranoto No. 973','42926'),(186,'Blondell Stallan','662-688-5776','Rumah','Dk. Suharso No. 532','22892'),(195,'Milissent Annell','419-711-6125','Rumah','Dk. Sukajadi No. 811','39119'),(215,'Adler Tedahl','931-734-9136','Home','Dk. Supono No. 890','70996'),(43,'Anetta Cusiter','189-629-6091','Rumah','Dk. Suryo No. 922','17497'),(39,'Jory Quartley','647-743-6409','Kantor','Dk. Veteran No. 921','34019'),(199,'Janna Foucher','476-886-7707','Rumah','Dk. Wahid No. 658','88572'),(287,'Elke Karpol','917-750-7659','Rumah','Ds. Abdul No. 735','43113'),(283,'Harmonia Done','290-520-3220','Rumah','Ds. Abdul Rahmat No. 781','99829'),(198,'Libbie Aldham','768-601-3065','Rumah','Ds. Abdul. Muis No. 47','33052'),(56,'Auberon Allright','943-760-6498','Rumah','Ds. Acordion No. 494','17533'),(150,'Myrvyn Le Barr','105-441-3337','Kantor','Ds. Antapani Lama No. 299','69054'),(217,'Myrah Fermer','315-685-6148','Rumah','Ds. B.Agam 1 No. 322','68506'),(120,'Elle Leethem','542-279-4941','Rumah','Ds. Baha No. 824','51922'),(267,'Jenni Canceller','972-405-8688','Rumah','Ds. Baiduri No. 677','85698'),(95,'Nolie Woodstock','502-175-0777','Rumah','Ds. Banal No. 391','35858'),(151,'Georgetta Forrester','915-568-2412','Rumah','Ds. Basuki Rahmat  No. 141','74102'),(106,'Raye Mawman','471-662-7114','Home','Ds. Bhayangkara No. 787','15256'),(61,'Pooh Kellington','503-391-5166','Home','Ds. Dahlia No. 991','14643'),(49,'D\'arcy Kincade','319-798-9692','Home','Ds. Eka No. 568','87151'),(131,'Holt Dumelow','996-264-5826','Home','Ds. Flora No. 551','60276'),(116,'Nicolas Lamburn','219-331-2698','Home','Ds. Gegerkalong Hilir No. 623','93550'),(201,'Feliza Mc Gorley','207-726-4421','Rumah','Ds. Jakarta No. 776','44122'),(9,'Kristine Pillans','681-985-9945','Rumah','Ds. Kusmanto No. 456','23417'),(117,'Shell Troughton','188-595-7609','Rumah','Ds. Kyai Gede No. 216','87436'),(272,'Eveline Maxwale','263-836-0173','Home','Ds. Nangka No. 705','76341'),(66,'Maggy Aprahamian','552-848-1437','Rumah','Ds. Orang No. 879','65813'),(243,'Wilone Dragoe','755-484-0469','Home','Ds. Peta No. 306','93323'),(132,'Estella Grossman','239-120-9264','Apartment','Ds. Rajawali Timur No. 46','57804'),(189,'Ynes Farquhar','306-813-7553','Rumah','Ds. Sadang Serang No. 291','32585'),(179,'Daisey Ablett','861-196-1493','Rumah','Ds. Siliwangi No. 86','89316'),(164,'Erhard Bevans','547-620-7908','Home','Ds. Ters. Buah Batu No. 950','77056'),(247,'Sherye De Mitri','557-573-2582','Rumah','Ds. Ters. Jakarta No. 160','23584'),(78,'Shirlee Gridon','249-588-3781','Rumah','Ds. Yosodipuro No. 3','72432'),(172,'Buckie Ausher','390-512-8332','Rumah','Gg. Abdullah No. 874','33748'),(246,'Gregorio Dahlborg','591-253-2877','Home','Gg. Aceh No. 279','59537'),(60,'Luisa Gartsyde','977-905-6771','Kantor','Gg. Baan No. 586','72146'),(174,'Valery Artharg','605-492-2546','Home','Gg. Babah No. 527','34456'),(85,'Bartie Teideman','255-126-3201','Rumah','Gg. Bakaru No. 377','43203'),(260,'Damian Utley','407-747-1353','Rumah','Gg. Bakau Griya Utama No. 502','79506'),(62,'Brade Buxcy','170-602-2067','Rumah','Gg. Banal No. 138','56987'),(110,'Fleur Potticary','283-378-1424','Home','Gg. Bank Dagang Negara No. 563','62414'),(286,'Margi Cundict','277-934-9785','Rumah','Gg. Barat No. 421','65072'),(73,'Zahara Blastock','688-147-3148','Home','Gg. Basmol Raya No. 743','26839'),(59,'Bary Kneel','576-128-9506','Rumah','Gg. Dipenogoro No. 702','58953'),(65,'Frankie Divill','738-204-4799','Home','Gg. Haji No. 16','42476'),(265,'Amelita Lecky','355-524-3315','Apartment','Gg. Hang No. 180','91502'),(100,'Ilyssa Pohls','410-411-6488','Rumah','Gg. Hasanuddin No. 462','73940'),(30,'Etta Shaxby','465-687-7818','Rumah','Gg. Ir. H. Juanda No. 780','54084'),(98,'Lia Wasiel','399-292-5336','Home','Gg. Jawaim 78','73466'),(155,'Moses Konrad','336-256-7410','Rumah','Gg. Kartini No. 380','72544'),(288,'Ericha Lofthouse','169-415-6577','Rumah','Gg. Ketandan No. 864','88165'),(69,'David Lumb','906-867-8355','Rumah','Gg. Pasteur No. 228','10667'),(23,'Danit Frenzl','430-445-3144','Rumah','Gg. Pemintas 50','64152'),(115,'Elliott McCloch','622-907-8310','Rumah','Gg. Perjuangan 89','38584'),(139,'Cristiano Legen','272-962-1578','Home','Gg. Rajiman No. 102','75803'),(125,'Adrienne Creane','891-352-0895','Rumah','Gg. Ronggowarsito No. 518','93863'),(190,'Bondie Ide','754-187-7056','Rumah','Gg. Salatiga No. 690','31211'),(238,'Desiree Zukerman','436-554-8922','Home','Gg. Samberin 78','55713'),(242,'Bryanty Cherrett','417-908-1487','Home','Gg. Sampangan No. 589','64158'),(213,'Gertrud Garvie','570-238-8271','Rumah','Gg. Sukabumi No. 591','44321'),(8,'Tamra Penman','732-462-5223','Rumah','Gg. Supomo No. 783','67607'),(37,'Nessi Lerhinan','455-190-7168','Rumah','Gg. Untung Suropati No. 440','66486'),(140,'Diego Bagg','176-491-8260','Home','Gg. W.R. Supratman No. 288','15290'),(103,'Ignacius Cohen','776-849-7306','Rumah','Gg. Wahid Hasyim No. 358','31567'),(4,'Eugene Hodges','786-868-3036','Rumah','Jl Letjen Haryono MT 14 ','95235'),(113,'Noni Reubens','626-320-9539','Rumah','Jl Letjen Haryono MT Kav 10 Ged Mugi Griya Lt 5 Suite 502','93591'),(285,'Gates Lofthouse','210-533-0137','Rumah','Jl Pegangsaan Barat 67','82220'),(191,'Silas Dodgshon','555-851-8219','Rumah','Jl Pegangsaan Tmr 21','50324'),(126,'Raimondo Schooley','987-596-0290','Rumah','Jl Poros Barat 56','40444'),(34,'Gallagher Shatliffe','287-586-7145','Rumah','Jl Poros Takalar-Makassar KM','76477'),(178,'May Teissier','963-386-6900','Rumah','Jl Raya Gubeng 10','46672'),(18,'Elyse Martindale','556-637-8059','Rumah','Jl Raya Gubeng No. 98','81623'),(197,'Edna Reskelly','188-912-1017','Rumah','Jl Raya Tomang  47','77482'),(266,'Tim Gwioneth','369-687-8274','Rumah','Jl Tamampang Indah Mardena 1','50355'),(261,'Cello Truwert','826-458-8242','Rumah','Jl Tanjung 9 Kompl Multi Guna II','87741'),(90,'Goldie Coppard','257-769-6916','Rumah','Jl Tomang Raya 20 Ged Baramulti','42435'),(278,'Roddy Kristufek','265-168-8618','Rumah','Jl Tomang Raya 41','31154'),(52,'Wendie Shelly','690-433-0926','Home','Jl Tomang Raya 56B','45008'),(22,'Sandro O\' Finan','998-782-7922','Rumah','Jl Tuban 78','86337'),(167,'Tiebold Rentilll','195-687-4208','Rumah','Jl Tuban no. 3','74220'),(224,'Claude Huckstepp','588-990-8615','Apartment','Jl tuban raya 69','97963'),(193,'Theodosia Cowin','160-524-0357','Rumah','Jl. Adisucipto No. 54','27110'),(170,'Clem Real','553-183-6882','Home','Jl. Adisucipto No. 58','43156'),(35,'Jaquith Renals','845-667-9478','Apartment','Jl. Ahmad Yani 45','77639'),(55,'Noelle Durran','768-794-8656','Rumah','Jl. Ahmad Yani 96','33195'),(97,'Torrie Foxten','574-418-4781','Home','Jl. Anyar Duwet 41','63522'),(71,'Melli Lapidus','674-303-7259','Rumah','Jl. Anyar Duwet Selatan 89','46837'),(275,'Lowrance Malham','353-143-7232','Rumah','Jl. Batang Tuaka 9 No.09A','40747'),(271,'Lu Bergin','730-563-3701','Rumah','Jl. Batang Tuaka Raya 5','20071'),(137,'Nert Tandy','245-189-4953','Rumah','Jl. Beringin No.8','22633'),(62,'Dore Meadowcroft','774-258-6426','Kantor','Jl. Beringin Sejuk No.78','94755'),(26,'Gardie Jacquemet','471-492-5169','Rumah2','Jl. Bukit Panorama 91','11785'),(136,'Kris Lingley','926-317-0196','Home','Jl. Bukit Panorama 99','56327'),(204,'Duncan Silverthorne','639-174-5620','Rumah','Jl. Cak Malada 2','11985'),(216,'Janifer Paulack','496-924-6021','Rumah','Jl. Cak Malada 27 no. 8','92932'),(67,'Tito Loweth','952-348-1634','Apartment','Jl. Cihampelas 169','40131'),(283,'Ernestus Licciardi','937-442-4848','Rumah2','Jl. Danau Nibung 178','19600'),(128,'Lyman Ballendine','383-613-2018','Rumah','Jl. Danau Nibung 89','49737'),(114,'Alethea Cornils','586-700-6647','Rumah','Jl. Danau Singkarak 41','93974'),(141,'Shea Fowell','738-760-7100','Rumah2','Jl. Danau Singkarak 97','51077'),(229,'Hamlen Yea','837-482-5478','Home','Jl. Dasan Anyar 49','52615'),(169,'Marinna Wadham','379-732-3119','Rumah','Jl. Dasan Rebong 89','44310'),(289,'Alfonso Kingsbury','899-737-2741','Apartment','Jl. Dr. Saharjo 7','93509'),(230,'Rafi Izhaky','119-833-3841','Rumah','Jl. Dr. Saharjo 9','35757'),(221,'Katrine MacIlraith','512-264-4340','Rumah','Jl. Dr. Saharjo no 5','75670'),(67,'Adolphus Gisburn','811-293-3318','Rumah','Jl. Dr. Saharjo no 9','30678'),(84,'Rodney Padrick','347-296-6626','Rumah','Jl. Hidup Baru I No.14B','77790'),(284,'Tandi Donnellan','965-918-6455','Rumah','Jl. Hidup Baru I No.17A','54940'),(6,'Regine Brodeur','616-286-3219','Home','Jl. Hidup Baru I No.99A','15024'),(81,'Mauricio Cawdell','583-964-0441','Rumah','Jl. Hidup Baru II No.1','62217'),(43,'Kendall Jarmyn','587-839-6179','Apartment','Jl. Hidup Baru III No.16','83488'),(177,'Alexi Parkes','412-546-3871','Rumah','Jl. Hidup Baru III No.1B','32722'),(28,'Elise Berrey','386-974-6648','Rumah','Jl. Indrapura No.1','36527'),(166,'Bent Sugden','763-342-3606','Rumah','Jl. Indrapura No.11','86319'),(13,'Levin Gorger','664-809-8075','Rumah','Jl. Jaksa Agung R. Suprapto 100','68183'),(96,'Egon Doore','790-607-8570','Home','Jl. Jaksa Agung R. Suprapto 109','39963'),(142,'Essa Hattigan','627-701-9597','Rumah','Jl. Jambu Permai 9','98224'),(264,'Cary Leary','478-806-7380','Home','Jl. Jambu Permai 96','94466'),(16,'Erasmus Seatter','197-109-4516','Home','Jl. Jawa Raya 43','97325'),(192,'Harlene Cavan','369-252-0004','Rumah','Jl. Jawa Raya No.89','20014'),(112,'Dell Gray','544-719-7979','Kantor','Jl. Kapten Tendean ','93285'),(234,'Monika Harbor','397-173-1848','Kantor','Jl. Kapten Tendean 89','11627'),(148,'Nanon Ratter','201-835-3276','Rumah','Jl. Kehormatan Blok A No.19','54594'),(86,'Neale Eayres','857-552-6131','Home','Jl. Kehormatan Blok C No.189','94821'),(16,'Llywellyn Neumann','816-313-9590','Kantor','Jl. Kehormatan Blok J No.412','54068'),(42,'Ambrosius Skoyles','612-172-4819','Rumah','Jl. Kehormatan Blok M No.21','33558'),(202,'Birgit Algate','659-351-7710','Kantor','Jl. Kresno','22212'),(181,'Val Manilo','338-387-2079','Rumah','Jl. Kresno 1','77196'),(74,'Tammy Whitesel','696-739-4848','Rumah','Jl. Kresno 122','79912'),(46,'Sayres Farrah','395-486-4211','Rumah','Jl. Kresno No. 6','87687'),(17,'Claudette Heimes','876-585-5151','Rumah','Jl. Kuda Laut 23','39349'),(210,'Lissi Bozworth','473-151-2021','Home','Jl. Kuda Laut 96','67290'),(32,'Leeann Edler','516-313-4269','Home','Jl. Lintas Prabumulih - Muara Enim No.6','87712'),(207,'Ogdon Oakwood','978-106-2912','Rumah','Jl. Lintas Prabumulih - Muara Enim No.8','48070'),(223,'Craggie Readett','344-729-7370','Kantor','Jl. Lintas Takengon - Blangkejeren 145','36952'),(291,'Christophorus Sissel','236-399-6062','Rumah','Jl. Lintas Takengon - Blangkejeren 203','85839'),(44,'Powell Klimkiewich','814-983-9715','Rumah2','Jl. Lombok 20','73854'),(258,'Lockwood Mathison','519-223-8260','Rumah','Jl. Lombok 41','21587'),(219,'Ragnar Waterfall','156-456-0035','Rumah','Jl. Lombok 8','88364'),(265,'Ax Adne','619-438-9071','Rumah','Jl. Lombok Raya 411','70819'),(194,'Farrell De Paoli','379-271-0159','Home','Jl. Mabar 1-5','35194'),(61,'Aldin Everiss','307-222-0212','Apartment','Jl. Mabar 9','51038'),(163,'Roley Domingues','387-797-6796','Rumah','Jl. Marangsih 56','30590'),(234,'Abby Dymond','114-370-7141','Rumah','Jl. Merak 110','43431'),(251,'Patric Veschambre','320-366-0646','Home','Jl. Merak 90','55383'),(183,'Maryjo Stodhart','745-457-5230','Rumah','Jl. Merak Asih 96','86608'),(256,'Victoir Rowswell','736-946-8669','Rumah','Jl. Merak Raya 1','79126'),(225,'Olav Oke','217-310-1132','Rumah2','Jl. Nanggeleng 34 - Cirahayu','86431'),(29,'Iris Gatsby','848-492-3323','Home','Jl. Oesao - Bokong 1','22073'),(107,'Web McTague','716-828-1193','Apartment','Jl. Oesao Timur 2','19721'),(274,'Baron Kinnock','881-399-0988','Rumah','Jl. Padang - Bengkulu 12','84950'),(248,'Maribelle Tolley','675-155-9217','Rumah','Jl. Padang - Bengkulu 2014','17853'),(68,'Jacquetta Innes','198-748-6026','Rumah','Jl. Pemuda 13','70782'),(255,'Elaine McSwan','856-681-0996','Home','Jl. Pemuda 13 No.4','59602'),(162,'Berny Diggens','418-969-8699','Apartment','Jl. Raya Garawangi 09','58073'),(72,'Lonny McAirt','615-988-4625','Rumah','Jl. Raya Garawangi 1','54014'),(282,'Lea Hirtz','308-445-0588','Rumah','Jl. Raya Garawangi 23','56302'),(159,'Adriana Dukes','511-204-9914','Rumah','Jl. Raya Garawangi Sejoli 3','73030'),(19,'Fransisco Siveyer','745-664-9211','Rumah','Jl. Raya Garawangi Sejoli 4 No.7','39401'),(60,'Omar O\'Grada','738-997-7588','Rumah','Jl. Sri Sultan Hamengkubuwono IV','33127'),(129,'Elisabetta Chidlow','114-755-5737','Rumah','Jl. Sri Sultan Hamengkubuwono IX','96898'),(208,'Ranique Upwood','571-372-8237','Home','Jl. Srijaya 9','13934'),(185,'Elwira Sawers','701-545-5625','Home','Jl. Srijaya 90','75551'),(12,'Reese Rickarsey','718-817-2911','Rumah','Jl. Sutomo 1','49440'),(147,'Gaylord Gheeraert','628-681-0049','Rumah','Jl. Sutomo 13 ','18592'),(281,'Lynde Howsin','343-191-6708','Rumah','Jl. Sutomo 133','42834'),(104,'Robinia Posse','209-613-1801','Rumah','Jl. Sutomo 181','20629'),(294,'Westbrooke Austin','597-823-0725','Rumah','Jl. Sutomo 189','24763'),(207,'Baxy Borham','340-702-0199','Rumah2','Jl. Sutomo 411','93228'),(138,'Stacee Rallinshaw','970-997-5050','Rumah','Jl. Tegalmulyo I No.81','33284'),(168,'Yvor Sneden','516-714-3382','Rumah','Jl. Tegalmulyo I No.9','39002'),(64,'Eberto Brosenius','711-612-9930','Rumah','Jl. Trans Sulawesi 8','98956'),(76,'Svend Binch','660-605-7435','Rumah','Jl. Trans Sulawesi Barat no.9','58325'),(112,'Gena Ofen','203-292-8047','Home','Jl. Veteran 8','29623'),(206,'Timothy Kipling','718-476-5520','Rumah','Jl. Veteran Raya 7','34309'),(53,'Ofella Copestake','449-433-5691','Rumah','Jln. Acordion No. 65','96827'),(277,'Corena Peidro','173-801-9952','Home','Jln. B.Agam Dlm No. 273','45122'),(245,'Horatia Cornfoot','992-980-2051','Rumah','Jln. Barasak No. 962','12184'),(41,'Keene De Cleyne','107-911-7055','Rumah','Jln. Cikapayang No. 259','52168'),(223,'Christina Doget','787-996-7750','Kantor','Jln. Fajar No. 953','32901'),(290,'Willie Veighey','913-147-6278','Rumah','Jln. Katamso No. 650','29735'),(51,'Devlen Harker','396-609-7723','Rumah','Jln. Nanas No. 275','37196'),(162,'Leigh Pittendreigh','767-998-2470','Rumah','Jln. Pattimura No. 336','21609'),(165,'Worth Pook','210-831-8292','Rumah','Jln. Perintis Kemerdekaan No. 945','79349'),(121,'Jada Arnaudot','582-527-3461','Rumah','Jln. R.E. Martadinata No. 758','44158'),(157,'Adey Le Maitre','375-596-6541','Home','Jln. Ronggowarsito No. 532','47501'),(218,'Cam Bridgestock','737-389-8016','Rumah','Jln. Salam No. 824','11136'),(184,'Dari Leftbridge','683-155-6376','Rumah','Jln. Sudirman No. 360','38630'),(173,'Reuven Bartomieu','896-353-0146','Rumah','Jln. Sukabumi No. 175','84491'),(118,'Darline Jeffcoate','905-384-0154','Rumah','Jln. Sukabumi No. 394','10284'),(54,'Euphemia Sayes','734-207-7802','Rumah','Jln. Sumpah Pemuda No. 127','39748'),(115,'Alfie Seedull','925-126-7133','Rumah2','Jln. Ters. Buah Batu No. 812','34260'),(145,'Layla Steane','235-275-5635','Rumah','Jln. Ters. Buah Batu No. 87','77209'),(45,'Inger Sproul','896-875-4478','Home','Jln. Wahidin No. 917','79156'),(10,'Salvador Gowthorpe','265-200-5444','Rumah','Jr. Achmad No. 323','42301'),(146,'Janela Mussared','482-306-9630','Rumah','Jr. Bagas Pati No. 336','81742'),(297,'Hazlett Knight','451-549-3521','Rumah','Jr. Bah Jaya No. 436','38040'),(273,'Hamlin Neill','465-288-3211','Kantor','Jr. Bakit  No. 532','63366'),(244,'Mirelle Sieghart','973-690-6174','Kantor','Jr. Bambu No. 153','60302'),(212,'Rodney Pattisson','103-486-0820','Rumah','Jr. Banda No. 472','79882'),(122,'Ursulina Wythe','462-315-5262','Rumah','Jr. Baranang Siang No. 192','73854'),(296,'Suzanne Nevitt','185-968-7357','Rumah','Jr. Basudewo No. 366','65347'),(38,'Michal Pattini','823-462-6501','Rumah','Jr. BKR No. 673','66845'),(5,'Ritchie Jellicorse','443-967-5968','Rumah','Jr. HOS. Cjokroaminoto (Pasirkaliki) No. 144','83057'),(47,'Marika Brounsell','271-971-6951','Rumah','Jr. Moch. Toha No. 562','65207'),(107,'Ogdon Macro','245-937-4442','Rumah','Jr. Pacuan Kuda No. 438','35152'),(300,'Hermie Leaver','838-352-5726','Rumah','Jr. Pahlawan No. 438','81399'),(70,'Gavan Slaten','383-359-3731','Apartment','Jr. Raden No. 247','10069'),(31,'Vlad Myring','452-719-6334','Rumah','Jr. Rajawali Timur No. 524','35174'),(160,'Courtnay Ort','388-503-6408','Rumah','Jr. Soekarno Hatta No. 735','26933'),(35,'Flossy Alu','820-867-2801','Rumah','Jr. Taman No. 789','78091'),(133,'Yulma Guitonneau','907-202-9648','Rumah','Jr. Umalas No. 228','99533'),(94,'Mike Ecles','876-304-7624','Kantor','Jr. Yap Tjwan Bing No. 198','18524'),(101,'Baillie Compford','934-866-0083','Apartment','Jr. Yap Tjwan Bing No. 592','27698'),(143,'Alessandro Wasbey','213-606-1315','Rumah','Kalupapi 98','83397'),(268,'Gran Grewe','153-171-0677','Rumah','Kalupapi Indah 85','70732'),(264,'Urbanus Mincher','291-230-7662','Kantor','Kalupapi Utara No.81','42363'),(79,'Rafaelita Bowman','783-305-9569','Rumah','Kebon Anggur No. 43','57503'),(101,'Tiffie Benoy','764-308-6215','Rumah','Kebonan 198','48837'),(91,'Maurita Guy','662-671-6826','Rumah','Ki. Antapani Lama No. 353','96517'),(270,'Marsh Bullent','352-684-7304','Rumah','Ki. Bak Air No. 910','32614'),(253,'Shana Ivoshin','742-417-1629','Rumah','Ki. Bakti No. 755','59609'),(240,'Imogene Hoyt','452-247-2238','Home','Ki. Banal No. 476','63612'),(225,'Alyda O\'Carney','963-932-3208','Rumah','Ki. Barat No. 963','30088'),(273,'Maggie Tucknutt','817-492-1129','Home','Ki. Basoka No. 776','88692'),(123,'Horten Konert','752-445-6488','Home','Ki. Baung No. 319','66944'),(36,'Jon Milam','573-597-5498','Apartment','Ki. Cemara No. 643','58498'),(211,'Audrey Walbrook','759-990-0972','Rumah','Ki. Ciumbuleuit No. 604','74239'),(87,'Kinny Brumhead','847-445-8622','Apartment','Ki. Dahlia No. 594','99996'),(83,'Charlena Rispine','341-491-9606','Rumah','Ki. Dewi Sartika No. 873','83526'),(88,'Raleigh Piggot','612-655-7321','Rumah','Ki. Gotong Royong No. 215','79955'),(96,'Willow Oven','901-326-3263','Kantor','Ki. Halim No. 505','58828'),(92,'Winnifred Oates','375-689-7361','Rumah','Ki. Honggowongso No. 476','87010'),(152,'Kellsie FitzGibbon','677-487-9339','Rumah','Ki. Krakatau No. 677','96675'),(39,'Gae Kingswell','470-929-0538','Rumah','Ki. Moch. Ramdan No. 355','71768'),(111,'Ogden Shotton','427-622-7392','Rumah','Ki. Moch. Yamin No. 47','41597'),(63,'Gerty Lukas','136-590-9271','Rumah','Ki. Nanas No. 441','14034'),(130,'Shandra Depport','517-313-4890','Kantor','Ki. Nangka No. 902','12955'),(239,'Nissa Antal','203-372-8000','Home','Ki. Samanhudi No. 800','13353'),(5,'Jazmin Wix','649-890-2993','Apartment','Ki. Sumpah Pemuda No. 96','36786'),(7,'Phyllida Calterone','579-921-7407','Rumah','Ki. Sunaryo No. 148','36645'),(3,'Brett Netherclift','994-579-2042','Rumah','Ki. Sutarto No. 949','91021'),(144,'Sashenka Clark','350-119-5257','Rumah','Ki. Tentara Pelajar No. 252','41438'),(77,'Brear Bagnold','327-767-1638','Rumah','Ki. Umalas No. 450','94228'),(175,'Bennie Meaton','523-688-3897','Rumah','Ki. Yos No. 426','84349'),(218,'Aridatha Scrivenor','598-877-0028','Apartment','Kpg. Abdul No. 477','20982'),(70,'Pernell Torbet','293-847-2267','Home','Kpg. Abdul No. 606','24153'),(227,'Dru Flucks','836-715-6439','Rumah','Kpg. Abdul Rahmat No. 807','53679'),(250,'Arel Torrese','839-995-2074','Rumah','Kpg. Aceh No. 792','19876'),(231,'Em Ruthven','703-508-7610','Rumah','Kpg. Baik No. 540','93975'),(280,'Iorgo Fideler','653-289-0067','Home','Kpg. Bakin No. 955','99751'),(48,'Dill Salvadore','619-731-9670','Rumah','Kpg. Basmol Raya No. 238','50978'),(252,'Pippy Embery','205-215-4488','Rumah','Kpg. Basuki No. 727','73802'),(222,'Bendick Krollman','957-490-3325','Home','Kpg. Baya Kali Bungur No. 754','79248'),(134,'Eberhard Kalvin','636-692-3181','Home','Kpg. Cikutra Barat No. 72','29602'),(176,'Eda Alfuso','332-818-5099','Rumah','Kpg. Elang No. 582','22879'),(141,'Sheila Yashnov','363-233-8595','Rumah','Kpg. Gremet No. 761','47226'),(44,'Rafaelita Caudrelier','212-408-8229','Rumah','Kpg. Hasanuddin No. 262','89574'),(269,'Norby Bewley','300-950-5457','Rumah','Kpg. Ir. H. Juanda No. 555','87891'),(99,'Claiborne O\' Scallan','381-451-5845','Apartment','Kpg. Katamso No. 849','28410'),(295,'Tomlin Goscar','595-740-9900','Home','Kpg. Laswi No. 468','85966'),(135,'Kippar Dudden','198-482-8233','Rumah','Kpg. Moch. Toha No. 155','34678'),(82,'Teodora Pahlsson','634-100-8801','Apartment','Kpg. Monginsidi No. 398','46231'),(47,'Geordie Tyndall','694-363-6684','Kantor','Kpg. Padma No. 725','91491'),(298,'Duke Austin','305-678-1247','Rumah','Kpg. Pasirkoja No. 625','17431'),(105,'Zacharias Collumbine','363-892-8772','Rumah','Kpg. Pasteur No. 535','23999'),(127,'Storm Riba','797-608-8807','Rumah','Kpg. Raya Ujungberung No. 72','39895'),(14,'Angy Alen','396-993-6705','Rumah','Kpg. Setia Budi No. 84','33258'),(202,'Nichols Budnik','152-922-2747','Rumah','Kpg. Suharso No. 472','24121'),(249,'Elwood Rottenbury','246-564-2906','Rumah','Lalong 23','61126'),(214,'Fina Scud','548-568-2902','Rumah','Lalong Lember  23','58473'),(205,'Holden Jacquest','858-798-2210','Rumah','Lalong Selatan 48','88741'),(224,'Shena Redhouse','441-905-2106','Rumah','Lobusingkam  Raya No.72','93781'),(124,'Urson Vsanelli','957-796-0866','Rumah','Lobusingkam 32','60320'),(223,'Arlene Ironside','362-353-5810','Home','Nulion 45','39537'),(156,'Manda Ledley','314-201-5458','Rumah','Nulion Sedyo 12','70607'),(220,'Gerry Book','946-792-9431','Rumah','Palabatu Satu 1','96408'),(187,'Giovanna Rist','196-210-8528','Home','Palabatu Satu Barat 78','60581'),(33,'Tan Santoro','149-332-3584','Home','Palabatu Satu Timur 89','94885'),(240,'Rena Falconar','834-445-3325','Kantor','Psr. Asia Afrika No. 78','42750'),(276,'Moritz Westmacott','725-890-7340','Home','Psr. Bank Dagang Negara No. 674','67016'),(232,'Evita Gegay','255-967-9502','Rumah','Psr. Basket No. 425','44197'),(161,'Benita Ebenezer','845-303-8351','Rumah','Psr. Basuki No. 162','74935'),(237,'Renae Breslane','755-960-4542','Home','Psr. Basuki Rahmat  No. 885','70915'),(154,'Jerrie Grog','165-292-9852','Rumah','Psr. Bawal No. 615','35222'),(149,'Rois Lowmass','957-642-0968','Rumah','Psr. Flores No. 499','67717'),(26,'Barbara Bumpus','454-942-6413','Rumah','Psr. Gremet No. 453','22038'),(194,'Omar Crinidge','921-726-9505','Rumah2','Psr. Krakatau No. 790','74407'),(263,'Ruddy Binden','406-581-3146','Rumah','Psr. Kyai Mojo No. 816','93824'),(210,'Jimmy McCorrie','589-672-1705','Apartment','Psr. M.T. Haryono No. 48','26347'),(102,'Joseph Fullerlove','492-296-5170','Rumah','Psr. Nakula No. 904','59367'),(1,'Edita Dove','507-493-1992','Rumah','Psr. Pelajar Pejuang 45 No. 143','91028'),(228,'Perkin Frith','456-249-8716','Rumah','Psr. Radio No. 647','52767'),(289,'Arnie Weatherburn','934-458-2821','Rumah','Psr. Rajawali Timur No. 180','40075'),(75,'Anthea Axon','616-239-2384','Rumah','Psr. Rajawali Timur No. 9','20742'),(203,'Neall Musla','787-925-3183','Rumah','Psr. Sadang Serang No. 139','88404'),(93,'Sula Pidon','818-465-7710','Rumah','Psr. Sadang Serang No. 415','39813'),(293,'Cosimo Darmody','388-551-1986','Rumah','Psr. Salam Barat No. 478','92355'),(132,'Creight Lapwood','191-445-7062','Home','Psr. Salam No. 199','32981'),(235,'Roman Beeby','191-266-3015','Rumah','Psr. Salam No. 411 B','91782'),(58,'Harry Hobell','829-568-1362','Rumah','Psr. Salam Timur No. 1','53986'),(82,'Balduin Huitson','512-459-1942','Rumah','Psr. Siliwangi No. 141','34952'),(265,'Sharai Ruckert','624-523-3032','Apartment','Psr. Soekarno Hatta No. 422','29613'),(89,'Claudia Sheward','488-362-3215','Rumah','Psr. Sudiarto No. 940','57501'),(36,'Haily Bownes','825-282-5560','Home','Psr. Sudirman No. 235','37026'),(209,'Tessa MacGuigan','731-685-2220','Home','Psr. Sutan Syahrir No. 187','11587'),(40,'Madella Puttick','505-548-6938','Rumah','Psr. Tentara Pelajar No. 300','51781'),(196,'Helga Andell','190-788-3606','Rumah','Psr. Tubagus Ismail No. 512','26718'),(188,'Wandis Worviell','416-512-9569','Rumah','Psr. Tubagus Ismail No. 936','77701'),(15,'Ameline Gleadle','817-743-2607','Rumah','Psr. Wahidin Sudirohusodo No. 558','33514'),(57,'Gilburt McAlester','115-175-4671','Rumah','Psr. Yos Sudarso No. 907','19035'),(262,'Henrie Clardge','878-899-1567','Rumah','Sukamoro 75','73425'),(200,'Zola Rubbert','245-608-3606','Rumah','Sukamoro 89','64634'),(237,'Ettie Izaks','574-841-9466','Rumah2','Sukamoro Indah 1','44295'),(50,'Clive Cline','329-744-7288','Rumah','Uwelolu 54','25211'),(158,'Kaleena Chisholm','756-848-9607','Home','Uwelolu 96','58921'),(99,'Jobye Pala','698-182-3439','Rumah','Wado Cilengkrang 24','18860'),(130,'Harper Blackstone','719-146-2991','Rumah','Wado Cilengkrang 41','77475');
/*!40000 ALTER TABLE `alamat` ENABLE KEYS */;
UNLOCK TABLES;

--
-- Table structure for table `bankaccounts`
--

DROP TABLE IF EXISTS `bankaccounts`;
/*!40101 SET @saved_cs_client     = @@character_set_client */;
/*!40101 SET character_set_client = utf8 */;
CREATE TABLE `bankaccounts` (
  `IDakun` int(10) NOT NULL,
  `Bank` varchar(30) NOT NULL,
  `NoRek` varchar(15) NOT NULL,
  KEY `IDakun` (`IDakun`),
  CONSTRAINT `bankaccounts_ibfk_1` FOREIGN KEY (`IDakun`) REFERENCES `akun` (`IDakun`) ON DELETE CASCADE ON UPDATE CASCADE
) ENGINE=InnoDB DEFAULT CHARSET=latin1;
/*!40101 SET character_set_client = @saved_cs_client */;

--
-- Dumping data for table `bankaccounts`
--

LOCK TABLES `bankaccounts` WRITE;
/*!40000 ALTER TABLE `bankaccounts` DISABLE KEYS */;
INSERT INTO `bankaccounts` (`IDakun`, `Bank`, `NoRek`) VALUES (1,'Mega','560224997131719'),(4,'BCA','560225406349567'),(4,'BNI','560222340363730'),(4,'CIMB Niaga','561046293492334'),(5,'BJB','561072902504524'),(6,'BJB','560222257803914'),(8,'BRI','561000672453527'),(8,'HSBC','560221665455365'),(10,'BNI','560224600265063'),(12,'OCBC NISP','560223296367880'),(13,'BNI','560224532267717'),(15,'BRI','560224070868145'),(16,'CIMB Niaga','560222663690690'),(16,'Danamon','560222130297545'),(16,'HSBC','560223320379189'),(17,'BJB','560221909502536'),(18,'CIMB Niaga','560225284122203'),(18,'OCBC NISP','560221159710857'),(19,'Danamon','560222623098816'),(20,'BRI','560223113798252'),(20,'Mandiri','560222397283514'),(20,'OCBC NISP','560223309412233'),(20,'Panin','560222960620214'),(22,'Mega','560222404072456'),(24,'BNI','560221021877337'),(24,'Danamon','560223621745654'),(25,'CIMB Niaga','561014077108589'),(31,'CIMB Niaga','560223925547373'),(32,'BNI','560225727453208'),(33,'Bukopin','560225129515871'),(35,'BRI','560223187550138'),(35,'Mandiri','560222148680011'),(36,'BJB','560221396038897'),(36,'Danamon','560222608820331'),(37,'OCBC NISP','560222344050594'),(37,'Panin','561003600378646'),(39,'BCA','560222731879754'),(39,'HSBC','561009005697816'),(39,'Mega','560223911037773'),(41,'Panin','560221709988371'),(45,'BRI','560223600870601'),(46,'BJB','560223914416673'),(47,'Danamon','560222300387640'),(48,'BJB','560221572250556'),(48,'BRI','561016750267361'),(48,'Mandiri','560225927226887'),(53,'BNI','560223007463957'),(53,'Mandiri','560224987023399'),(54,'Bukopin','560223470226504'),(55,'CIMB Niaga','560221547642931'),(56,'BJB','560224902815774'),(56,'Bukopin','560221540213996'),(56,'Mandiri','560224306771035'),(58,'CIMB Niaga','560221920766995'),(60,'CIMB Niaga','561019368102343'),(60,'Panin','560222073440290'),(65,'Mandiri','560221289372013'),(65,'OCBC NISP','560222867362439'),(66,'HSBC','560221462016468'),(66,'Mega','560223247593042'),(67,'BTN','560224446164394'),(69,'HSBC','560221602484023'),(70,'BRI','560221816270646'),(71,'Danamon','560222227514908'),(71,'Panin','560221386023248'),(73,'BNI','560225456306208'),(73,'Danamon','560225867790542'),(75,'Mandiri','560224686384879'),(76,'Panin','560224638491549'),(80,'Bukopin','560221940466283'),(81,'Mega','560225146677930'),(82,'OCBC NISP','560224446984562'),(82,'Panin','560225456258668'),(83,'HSBC','561030345829630'),(84,'Mandiri','560224599013098'),(84,'Panin','560221396437588'),(85,'Danamon','561047456342970'),(85,'Mega','560222502366902'),(87,'BCA','560224077726598'),(87,'HSBC','560221663570136'),(88,'BCA','560222820767577'),(88,'BNI','560223297514396'),(88,'BRI','561024509332556'),(90,'Panin','560223315110971'),(92,'BRI','561006406791348'),(93,'BRI','561026576230115'),(96,'Mandiri','560222005524774'),(97,'BJB','560225848091329'),(99,'HSBC','560224263551078'),(100,'BJB','560223325275787'),(101,'Mandiri','560223081020931'),(103,'BNI','560225100348075'),(103,'Mega','561037912522224'),(104,'Danamon','560224978142972'),(106,'OCBC NISP','560222692246527'),(107,'Mandiri','560221442570689'),(109,'BNI','561015942750183'),(109,'HSBC','561013502148067'),(109,'Mega','560223648754661'),(110,'BRI','561046310552285'),(110,'Mandiri','560222901479774'),(111,'BJB','560221671613796'),(111,'BRI','560221639920271'),(111,'OCBC NISP','560225687361199'),(112,'OCBC NISP','560222691613133'),(113,'BJB','560223736770652'),(113,'BNI','560224588246246'),(114,'BRI','560224362013629'),(114,'CIMB Niaga','560225806516527'),(116,'BTN','560223121937229'),(117,'HSBC','560225131140208'),(118,'BRI','560224607886155'),(118,'Mandiri','560222172144413'),(120,'BCA','560224805613114'),(121,'BJB','560224812322376'),(121,'BRI','560225304576897'),(123,'Mandiri','561068880415942'),(124,'Mandiri','560222729251458'),(125,'OCBC NISP','561045206157654'),(125,'Panin','560224161341340'),(126,'BJB','560221343555164'),(127,'BTN','560225486309087'),(129,'HSBC','560224285211925'),(133,'BCA','560223200674552'),(133,'BRI','560224546699231'),(136,'BJB','560225810614730'),(137,'BJB','560223741164456'),(137,'Mega','560221339336804'),(137,'OCBC NISP','560221976864383'),(139,'BTN','560224687890036'),(139,'Mandiri','560222657893265'),(140,'BCA','560224238774964'),(140,'Mega','560221602736951'),(141,'Bukopin','560225649957361'),(141,'Mega','560224297013100'),(142,'BRI','560222810885594'),(142,'Bukopin','560224610470722'),(142,'Panin','560221284448187'),(143,'CIMB Niaga','560221153348947'),(143,'Mega','561040259664919'),(145,'BNI','560225242758285'),(145,'CIMB Niaga','560224790368972'),(145,'Mega','560221502116136'),(147,'Danamon','560221814705728'),(149,'Panin','560222513745648'),(154,'BRI','561038224843356'),(155,'Mega','560225413253582'),(156,'Danamon','560225104597639'),(157,'Bukopin','560224456083389'),(157,'Mega','560223939463283'),(158,'BRI','560225658505901'),(158,'CIMB Niaga','560222378540396'),(158,'OCBC NISP','560225848486959'),(159,'BCA','560221567752422'),(159,'BJB','561088235046905'),(159,'BNI','560223315168098'),(159,'Mega','560222984005685'),(162,'Danamon','560225603334619'),(163,'BRI','560222669953695'),(164,'BRI','560224977522770'),(167,'HSBC','560224216274255'),(167,'Mega','560223529738729'),(168,'BRI','560221840815659'),(168,'HSBC','560224872233174'),(169,'BNI','560221085160392'),(173,'Mega','560221856272892'),(173,'OCBC NISP','560221283008171'),(174,'BNI','560224792994044'),(175,'Danamon','560223634824091'),(176,'BNI','560223613089085'),(176,'Mandiri','561014154019126'),(176,'Panin','560224802871188'),(180,'BTN','560223071731267'),(180,'Mandiri','560223806365266'),(180,'Panin','560221460583276'),(181,'OCBC NISP','561003865432223'),(184,'Danamon','560224294056966'),(185,'Danamon','560224299412346'),(186,'BRI','560225857375647'),(186,'Danamon','560221391419319'),(186,'HSBC','560222482323094'),(187,'CIMB Niaga','561053914495029'),(188,'Danamon','560223102580568'),(188,'Mega','560224152235505'),(189,'Danamon','561069841172322'),(189,'Mega','560221353601970'),(191,'BNI','560221619216549'),(192,'BTN','560221987012928'),(192,'Mega','560222795287558'),(193,'Bukopin','560225559386771'),(193,'OCBC NISP','560224937021934'),(195,'Bukopin','561035821659852'),(197,'BRI','560225413376501'),(197,'Bukopin','561078595947973'),(197,'Panin','560221339922599'),(198,'BTN','560223913959489'),(198,'Mega','560225904125645'),(200,'BTN','560225649085055'),(200,'Mandiri','560225026154059'),(202,'BTN','560222433441347'),(202,'OCBC NISP','561029180244952'),(206,'BRI','560222138495570'),(206,'Danamon','561068003217884'),(210,'Mega','560221463215903'),(211,'BCA','560223472338659'),(212,'BNI','560222577379894'),(212,'HSBC','560225369769860'),(213,'Mandiri','560221503553799'),(213,'Mega','560225270954201'),(214,'CIMB Niaga','560225672574214'),(215,'BJB','560224530515219'),(215,'Danamon','560225654258677'),(215,'Mega','561090259979915'),(219,'Panin','561095475750657'),(220,'Mega','560222575409425'),(222,'BTN','560224437488378'),(222,'Panin','560221631426806'),(224,'BCA','560224383314679'),(225,'BRI','560221605378409'),(225,'Bukopin','560225969402484'),(225,'OCBC NISP','560223452618497'),(228,'Bukopin','560225170267861'),(228,'CIMB Niaga','561037632659002'),(228,'Panin','560223520072501'),(229,'BRI','561014269682931'),(231,'Mandiri','560222098385672'),(231,'Mega','560223546558496'),(231,'OCBC NISP','561012452600802'),(233,'HSBC','560221176672085'),(233,'Mandiri','560223414265163'),(233,'OCBC NISP','560225039351334'),(234,'BTN','561002645299334'),(234,'Mega','560223976226815'),(235,'BRI','560225656540747'),(235,'OCBC NISP','560222937864842'),(236,'Mega','560225137181808'),(237,'HSBC','560223411035612'),(238,'BCA','561061774339269'),(238,'Mandiri','561032160030594'),(239,'Panin','560221592682572'),(240,'BNI','561035525159158'),(242,'Mega','560223029337005'),(242,'OCBC NISP','560225074617204'),(243,'BRI','560223884725657'),(244,'OCBC NISP','560222734549424'),(245,'Panin','560224203138875'),(246,'Bukopin','561084143576035'),(247,'BJB','560224918260897'),(249,'HSBC','560224283801114'),(249,'OCBC NISP','560223468511653'),(250,'BNI','560221255863377'),(252,'Panin','560222539383031'),(253,'BRI','560223360756783'),(255,'Panin','560223123004452'),(256,'Danamon','560222831474132'),(256,'Mandiri','560222747129637'),(256,'Mega','560224665678770'),(257,'Bukopin','560223697959805'),(258,'BCA','560221955222426'),(258,'BNI','560222503961411'),(261,'BJB','560224069127555'),(261,'Danamon','560221786443561'),(261,'Mega','561098547713665'),(262,'BCA','560224728515649'),(263,'BNI','560221874283295'),(263,'CIMB Niaga','560221103979709'),(263,'Mega','561012800274317'),(264,'BJB','560221953593687'),(264,'Mega','560225940073631'),(264,'OCBC NISP','560225674629258'),(265,'Mandiri','560222918746971'),(267,'Danamon','561053295206761'),(267,'Mandiri','560221508546041'),(268,'HSBC','560224230347691'),(270,'BJB','560221817506292'),(270,'HSBC','560225854226681'),(271,'HSBC','560224155881163'),(272,'HSBC','561078757120085'),(274,'Mandiri','560222678533866'),(277,'BNI','561076761359057'),(279,'BCA','560221507498502'),(279,'BRI','560221325816531'),(279,'Panin','560224328789284'),(280,'BCA','560225838941411'),(281,'HSBC','560222959437325'),(283,'Mega','560221623761111'),(284,'Bukopin','560223868443907'),(285,'BCA','560223962259365'),(286,'BTN','560221091029798'),(287,'BJB','560222190846961'),(287,'Mega','560225948052184'),(289,'BNI','561093459321559'),(290,'BNI','560222850080750'),(290,'HSBC','561012259415660'),(293,'BRI','560222126614322'),(293,'Mandiri','560225098474445'),(295,'BRI','561020417564884'),(296,'Danamon','560224027497265'),(296,'Mega','560224148130706'),(297,'BJB','560223697876376');
/*!40000 ALTER TABLE `bankaccounts` ENABLE KEYS */;
UNLOCK TABLES;

--
-- Table structure for table `barang`
--

DROP TABLE IF EXISTS `barang`;
/*!40101 SET @saved_cs_client     = @@character_set_client */;
/*!40101 SET character_set_client = utf8 */;
CREATE TABLE `barang` (
  `IDBarang` int(10) NOT NULL,
  `NamaBarang` varchar(50) DEFAULT NULL,
  `Stok` int(11) DEFAULT NULL,
  `Kondisi` varchar(50) DEFAULT NULL,
  `Deskripsi` varchar(255) DEFAULT NULL,
  `Harga` float DEFAULT NULL,
  `IDPenjual` int(10) DEFAULT NULL,
  PRIMARY KEY (`IDBarang`),
  UNIQUE KEY `IDBarang` (`IDBarang`),
  KEY `IDPenjual` (`IDPenjual`),
  CONSTRAINT `barang_ibfk_1` FOREIGN KEY (`IDPenjual`) REFERENCES `penjual` (`IDakun`) ON DELETE CASCADE ON UPDATE CASCADE
) ENGINE=InnoDB DEFAULT CHARSET=latin1;
/*!40101 SET character_set_client = @saved_cs_client */;

--
-- Dumping data for table `barang`
--

LOCK TABLES `barang` WRITE;
/*!40000 ALTER TABLE `barang` DISABLE KEYS */;
INSERT INTO `barang` (`IDBarang`, `NamaBarang`, `Stok`, `Kondisi`, `Deskripsi`, `Harga`, `IDPenjual`) VALUES (1,'Anggur Merah Orang Tua',73,'Baru','Anggur terbaik',88104,227),(2,'Samsung Galaxy S21',97,'Second','HP paling canggih',90061,154),(3,'Syrup - Golden, Lyles',15,'Baru','Sirup emas',54794,83),(4,'Soup - Campbells Pasta Fagioli',39,'Baru','Great tomato taste',63022,194),(5,'Oculus Rift S',58,'Baru','Enter the VR',34914,287),(6,'Whole Chicken',77,'Baru','Best chicken',72148,262),(7,'God of War PS5',13,'Second','Long time no plau',22764,287),(8,'Nintendo Switch',80,'Second','Switch masih berfungsi',83973,299),(9,'Bread - Calabrese Baguette',55,'Baru','Baguette paling top',48406,219),(10,'Pepper - Green, Chili',47,'Baru','Top quality',59700,89),(11,'Steampan - Foil',39,'Baru','Best quality foil',73516,263),(12,'Veal - Liver',71,'Baru','Best quality liver',32908,168),(13,'Xbox Wireless Controller',6,'Second','Bekerja dengan baik',78004,287),(14,'Pepper - Black, Crushed',13,'Baru','Top quality pepper',12052,230),(15,'Appetizer - Shrimp Puff',29,'Baru','Best appetizer',89470,141),(16,'Catfish - Fillets',4,'Baru','Top fillet catfish',56328,219),(17,'Bread - Rolls, Rye',4,'Baru','Delicious bread',12115,89),(18,'Pears - Anjou',54,'Baru','Juicy pears baby',40126,275),(19,'Beer - True North Strong Ale',17,'Baru','Best ale ever',69505,22),(20,'Beans - Fava Fresh',75,'Baru','Fresh beans',97345,1),(21,'Pastry - Chocolate Chip Muffin',49,'Baru','Melty chocolate',64017,262),(22,'Beef - Sushi Flat Iron Steak',88,'Baru','Best cheap steak',1543,282),(23,'Sauce - Fish 25 Ozf Bottle',38,'Baru','Straight from Thailand',95593,126),(24,'Pastry - Apple Muffins - Mini',37,'Baru','Best mini muffins',58319,185),(25,'Lamb - Loin Chops',19,'Baru','Most tender loin',87124,154),(26,'Soup Campbells Mexicali Tortilla',28,'Baru','Up your tortilla',86842,238),(27,'Wine - Hardys Bankside Shiraz',40,'Baru','Best wine',5105,67),(28,'Mushroom - Chantrelle, Fresh',16,'Baru','Ready for your risotto',9681,284),(29,'Xbox Series X',23,'Second','Works perfectly',20235,136),(30,'Minecraft PC',79,'Baru','Adventure with Steve',29503,221),(31,'Logitech G920 Driving Force Racing Wheel',62,'Baru','Nyetir gan',49198,290),(32,'Wine - Chablis 2003 Champs',50,'Baru','Best wine',75486,290),(33,'Glycerine',21,'Baru','Wow glycerine wow',11836,299),(34,'Baskin Robbins Ice Cream',85,'Baru','Best ice cream',21254,66),(35,'Worcestershire Sauce',81,'Baru','For your stew',47342,251),(36,'Bay Leaf Fresh',44,'Baru','Freshest out there',48089,1),(37,'Potatoes - Parissienne',100,'Baru','Best for mashed potatoes',20864,207),(38,'Cheese - Cheddar, Mild',91,'Baru','Best cheddar',26048,103),(39,'Logitech G502',57,'Second','High performance mouse',6089,121),(40,'Pasta - Cheese / Spinach Bauletti',36,'Baru','Top cheese spinach',94337,64),(41,'Sprouts - China Rose',28,'Baru','Freshest out there',52132,254),(42,'Beef - Cow Feet Split',66,'Baru','For your soup',49602,285),(43,'Beans - Kidney, Canned',39,'Baru','Best breakfast companion',30774,185),(44,'Soup - French Onion, Dry',83,'Baru','Very onion-y',7299,58),(45,'Wine - Ruffino Chianti',62,'Baru','Best quality wine',93947,67),(46,'Papayas',46,'Baru','Freshest papayas',23269,205),(47,'Sauce - Soya, Dark',86,'Baru','Recommended for sukiyaki',24123,242),(48,'Cookies - Englishbay Chochip',16,'Baru','Best chocochip cookies',53527,51),(49,'Chivas Regal',43,'Baru','Best prices',74408,284),(50,'Lychee Soju',26,'Baru','Straight from Korea',31663,227),(51,'Cocoa Feuilletine',35,'Baru','Best cocoa',78904,81),(52,'Just Dance 2022',57,'Baru','Move your body',85875,181),(53,'Sage - Ground',35,'Baru','Top spices',54206,103),(54,'Bar Energy Chocchip',74,'Baru','Refill your energy',17935,232),(55,'Oreo',54,'Baru','Your favorite cookies',2426,49),(56,'Basil - Seedlings Cookstown',88,'Baru','Perfect for pesto',56878,89),(57,'Wine - Chardonnay Mondavi',21,'Baru','Straight from France',8741,130),(58,'Mushroom - King Eryingii',38,'Baru','Finest mushroom',84908,289),(59,'Appetizer - Chicken Satay',57,'Baru','Best recipe from Indonesia',44155,172),(60,'Beer - Paulaner Hefeweisse',77,'Baru','Finest from Germany',68275,97),(61,'Sauce - Vodka Blush',38,'Baru','Not typical sauce',99232,275),(62,'Cheese - Camembert',37,'Baru','Best cheese',95653,51),(63,'Bread - Sour Batard',92,'Baru','Quality bread',35959,129),(64,'Zucchini - Yellow',80,'Baru','Perfect for ratatouille',98761,187),(65,'Chicken - Whole Roasting',52,'Baru','Costco chicken',5109,118),(66,'Lid Coffeecup 12oz D9542b',2,'Baru','For coffee shops',5307,172),(67,'The Legend of Zelda: Breath of the Wild',78,'Second','Still playable',13607,75),(68,'NBA 2K22',75,'Baru','Doncic FTW',48845,188),(69,'Tea - Herbal Sweet Dreams',41,'Baru','Relax your body',47596,188),(70,'Banana - Green',21,'Baru','Banana split baby',54861,194),(71,'WD_BLACK 5TB Game Drive',17,'Baru','Biggest out there',43225,138),(72,'Bread - Roll, Italian',90,'Baru','Best Italian roll',69393,197),(73,'FIFA 22',77,'Baru','I LOVE MBAPPE',66683,172),(74,'POP Funko Star Wars: The Mandalorian - Mandalorian',19,'Baru','As seen in series',17908,80),(75,'Crayola Sidewalk Chalk',17,'Baru','For them kids',40858,78),(76,'Chicken - Tenderloin',77,'Baru','Juiciest ciken',6125,66),(77,'Rootbeer',14,'Baru','Best rootbeer',61935,129),(78,'Fitbar Chocochip',10,'Baru','Refill your stamina',49860,97),(79,'Hasbro Connect 4 Game',87,'Baru','Family game',23153,24),(80,'Snapple Raspberry Tea',25,'Baru','Best raspberry tea',59952,238),(81,'Play-Doh Modeling Compound 10 Pack ',19,'Baru','Alat kreativitas anak',20888,188),(82,'Irish Cream - Baileys',1,'Baru','Best baileys icecream',36508,295),(83,'Dry Ice',80,'Baru','For your party',96412,84),(84,'Barbie Signature 2021 Holiday Doll',34,'Baru','Prettiest Barbie',11245,23),(85,'Hasbro Gaming Monopoly: Roblox 2022 Edition',67,'Baru','Roblox gamers',20622,207),(86,'Tart - Pecan Butter Squares',21,'Baru','Best pecan butter',30222,125),(87,'Flour - Cake',49,'Baru','Quality flour',73641,31),(88,'Soup - Campbells Broccoli',97,'Baru','Who hates brocolli?',41335,153),(89,'Puree - Blackcurrant',100,'Baru','Best blackcurrant puree',9293,263),(90,'UNO Family Card Game',94,'Baru','UNO in house',19182,59),(91,'Nike Womens Pullover Fleece Hoodie',43,'Baru','Nike Hoodie',53873,143),(92,'Mix - Cappucino Cocktail',43,'Baru','Best capcino cocktail',63675,261),(93,'Sausage - Andouille',6,'Baru','Tasty andouille',2363,275),(94,'Gildan Women\'s Fleece Crewneck Sweatshirt',51,'Baru','Gildan crewneck',63010,295),(95,'Chickensplit Half',26,'Baru','Best chickensplit',22938,90),(96,'Longos - Grilled Veg Sandwiches',51,'Baru','Sayuran yang enak',76854,299),(97,'Cheese Cloth No 100',55,'Baru','For your homemade cheese',21756,299),(98,'Champion Women Hoodie',67,'Second','Ada lobang sedikit',65969,136),(99,'Table Cloth 62x120 White',13,'Baru','Tatakan meja makan',60527,251),(100,'Soup - Campbells - Chicken Noodle',20,'Baru','Delicious broth',34183,138),(101,'Vetements 2021 Spring Summer Collection Hoodie',22,'Baru','New collection',16189,125),(102,'DIOR Saddle Bag: Blue Monochrome',34,'Baru','Handcrafted',88916,103),(103,'UGG Women Nacy Full Zip Hoodie Sweatshirt',88,'Baru','UGG Hoodie',57192,148),(104,'Minnie Love Pullover Hoodie',78,'Baru','I LOVE MINNIE',93588,97),(105,'Pepper - Jalapeno',73,'Baru','Perfect for your tacos',90607,211),(106,'Pasta - Cappellini, Dry',12,'Baru','Little tini noods\'',14293,228),(107,'Broom Handle',79,'Baru','For broken handles',61337,103),(108,'Apple AirPods (2nd Gen)',62,'Second','Masih berfungsi',94468,79),(109,'Muffin Batt - Carrot Spice',58,'Baru','Best carrot spice muffin',45733,59),(110,'Apple Pencil (2nd Gen)',51,'Baru','For iPad',14860,121),(111,'Cup - 6oz, Foam',86,'Baru','Party cups',27856,90),(112,'Original HP 63XL Black High-yield Ink Cartridge',85,'Baru','Tinta HP terbaik',56248,248),(113,'Liners - Baking Cups',26,'Baru','Baking mama',73025,82),(114,'Soup - Campbells, Chix Gumbo',82,'Baru','Delicious chix gumbo',29304,127),(115,'Flavouring - Rum',53,'Baru','For cakes etc',18627,81),(116,'Okra',36,'Baru','Fresh okras',9594,271),(117,'Ham - Virginia',28,'Baru','Tastiest ham',81151,168),(118,'Apple EarPods with Lightning Connector',18,'Second','Berfungsi dengan baik',34248,148),(119,'Urban Zen Drinks',63,'Baru','Relax your mind',30611,289),(120,'Banana - Leaves',58,'Baru','Tatakan makan',76623,257),(121,'Seagate Portable 2TB External Hard Drive',83,'Baru','Simpan memorimu',43239,208),(122,'Pasta - Elbows, Macaroni, Dry',77,'Baru','Ready for macncheese',16858,49),(123,'Lamb - Shoulder',39,'Baru','For lambs lovers',72713,21),(124,'Logitech C920x HD Pro Webcam',41,'Baru','For streamers outthere',73036,80),(125,'Beets - Candy Cane, Organic',63,'Baru','Organic candy cane',44119,194),(126,'Cream - 18%',27,'Baru','Make it creamy',12713,71),(127,'ABC Alkaline Baterai AAA isi 6',96,'Baru','Longlast battery',28753,293),(128,'Sony WH-1000XM4',50,'Baru','Best noice cancelling',11165,285),(129,'Pork - European Side Bacon',12,'Baru','Deliciouso bacon',87383,275),(130,'Logitech MK270 Wirless Keyboard and Mouse Combo',82,'Baru','Best combo',94973,64),(131,'Pineapple - Canned, Rings',36,'Baru','Juicy pineapples',3115,168),(132,'Rabbit - Frozen',54,'Baru','Kelinci panggang',45207,168),(133,'SanDisk 128GB Memory Card',56,'Baru','Simpan memorimu',7541,127),(134,'Razer DeathAddder V2',96,'Second','Fungsi berjalan baik',17665,199),(135,'Logitech G432',96,'Baru','Best wired headset',65484,131),(136,'Capon - Breast, Wing On',66,'Baru','Best breast',50922,244),(137,'Fruit Salad Deluxe',9,'Baru','Tastiest fruit salad',30917,94),(138,'Veal - Ground',49,'Baru','Ground Veal',36050,153),(139,'Wine - Riesling Dr. Pauly',38,'Baru','Best wine Riesling',65510,97),(140,'HyperX Cloud II',3,'Baru','Best gaming headset',62893,147),(141,'Wine - Puligny Montrachet A.',66,'Baru','Delicious Montrachet',95226,221),(142,'Tea - Darjeeling, Azzura',26,'Baru','Teh darjeeling terbaik',39064,58),(143,'Onions - White',80,'Baru','Sweet onion',83677,141),(144,'Pork - Shoulder',53,'Baru','Tender pork shoulder',55171,143),(145,'Muffin - Banana Nut Individual',24,'Baru','Tastiest banana muffin',65947,90),(146,'Elgato Stream Deck',90,'Baru','Jadilah streamer',29083,126),(147,'Potatoes - Fingerling 4 Oz',34,'Baru','Kentang finger lickin good',95412,125),(148,'Grand Theft Auto: The Trilogy',99,'Baru','Trio is back',64008,261),(149,'Chicken - Soup Base',30,'Baru','Soup paling enak',11471,23),(150,'Cheese - Parmesan Cubes',1,'Baru','Parmesan cubes terenak',17448,30),(151,'Logitech G PRO X Gaming Headset',28,'Baru','Best gaming headset',18024,262),(152,'Cakes Assorted',85,'Baru','Best cakes',58664,276),(153,'Carrots - Mini, Stem On',51,'Baru','Wortel mini',80992,288),(154,'Marvel\'s Spider-Man: Miles Morales',96,'Baru','Developed by Insomniac',80019,58),(155,'Truffle Shells - Semi - Sweet',74,'Baru','Semi sweet truffles',16990,207),(156,'Calypso - Black Cherry Lemonade',83,'Baru','Lemoned ceri hitam',39491,148),(157,'Ginger - Ground',12,'Baru','Perfect herbal spice',89487,71),(158,'Razer Viper Ultimate',54,'Baru','Fastest gaming switches',51172,42),(159,'Steel Wool S.o.s',19,'Baru','Warm and cozy',75363,90),(160,'Samsung 65-Inch Class Crystal UHD AU8000 Series',2,'Baru','TV Samsung tergokil',52518,251),(161,'Sour Puss - Tangerine',78,'Baru','Tangerine sour puss',73727,94),(162,'Soup Campbells Mexicali Tortilla',96,'Baru','Tortilla rasa Mexico',25216,90),(163,'LG OLED C1 Series 77\"',58,'Baru','TV OLED terbaik',59244,208),(164,'Vodka - Lemon, Absolut',50,'Baru','Best vodka',47161,208),(165,'Wine - George Duboeuf Rose',49,'Baru','Best George Duboeuf',42912,162),(166,'Wine - Red, Mouton Cadet',35,'Baru','Best Mouton Cadet',50182,31),(167,'Chips - Doritos',4,'Baru','Doritosss',16917,97),(168,'Bread - Roll, Canadian Dinner',65,'Baru','Canadian roll terenak',6525,244),(169,'Pectin',100,'Baru','bahan pectin',78816,186),(170,'Lamb - Leg, Diced',34,'Baru','kaki kambing kubus',93917,78),(171,'Radish - Black, Winter, Organic',48,'Baru','lobak hitam kubus',27210,64),(172,'Sprite, Diet - 355ml',26,'Baru','diet sprite',50810,248),(173,'Cheese - Fontina',3,'Baru','keju fontina mantap',2529,172),(174,'Sony X80J 50\"',59,'Baru','TV Sony',24452,207),(175,'Wine - Ej Gallo Sonoma',53,'Baru','Anggur Ej Gallo',65889,268),(176,'Lemonade - Natural, 591 Ml',18,'Baru','Lemoned natural',32885,295),(177,'Nori Sea Weed - Gold Label',55,'Baru','Seaweed berkualitas',12869,64),(178,'2021 Apple Macbook Pro 16\"',50,'Baru','Most powerful from Apple',82413,23),(179,'2021 Apple 12.9\" iPad Pro',27,'Baru','iPad terbaik dari Apple',97810,67),(180,'Pepper - Julienne, Frozen',1,'Baru','Pepper Julienne beku',38836,125),(181,'Apple AirPods Max',52,'Baru','Warna pink',29981,242),(182,'Tart - Pecan Butter Squares',14,'Baru','Mentega kubus pecan',61756,15),(183,'Food Colouring - Orange',85,'Baru','Pewarna makanan oranye',46058,208),(184,'Apple AirPods Pro',26,'Baru','Best AirPods',66026,148),(185,'Vinegar - Sherry',11,'Baru','Cuka Sherry',53379,118),(186,'Cucumber - Pickling Ontario',81,'Baru','Acar Ontario',90827,66),(187,'Gatorade - Xfactor Berry',31,'Baru','Gatorade rasa berry',44493,205),(188,'2021 Apple iMac',91,'Second','Warna sky blue',1685,121),(189,'Apple Watch Series 7',85,'Baru','Newest Apple Watch!',45199,290),(190,'Fudge - Chocolate Fudge',39,'Baru','Choco fudge terenak',24646,59),(191,'Apple iPhone 13 Mini',3,'Baru','256GB',7497,153),(192,'Compound - Mocha',49,'Baru','Kompon moka terenak',76123,221),(193,'Apple MagSafe Charger',59,'Baru','Ngecas iPhone-mu',83942,24),(194,'Yogurt - French Vanilla',58,'Baru','Yogurt rasa vanilla',56789,162),(195,'Pepper - Green Thai',2,'Baru','Premium Thai pepper',91705,79),(196,'Lobster - Canned Premium',7,'Baru','Lobster dalam kaleng',55256,154),(197,'Water - Spring 1.5lit',37,'Baru','Air mineral 1.5L',18143,21),(198,'Milk - 2%',80,'Baru','Susu 2%',41156,268),(199,'Apple iPhone 13 Pro Max',69,'Baru','1TB',46649,59),(200,'Tortillas - Flour, 10',82,'Baru','Buat tacos-mu',44500,30),(201,'Muffins - Assorted',42,'Baru','Muffins enak',56432,284),(202,'Raspberries - Frozen',91,'Baru','Raspberries beku',46444,42),(203,'Bread - White, Unsliced',17,'Baru','Roti putih unsliced',82100,194),(204,'Urban Zen Drinks',44,'Baru','Minuman Zen',47362,244),(205,'Amaretto',54,'Baru','Makanan Amaretto',37987,289),(206,'Oil - Canola',90,'Baru','Minyak canola',5769,30),(207,'Grapes - Red',13,'Baru','Anggur merah',8529,24),(208,'Cleaner - Pine Sol',56,'Baru','Pembersih Pine Sol',74524,299),(209,'Juice - Orange 1.89l',74,'Baru','Jus jeruk 1.89L',82753,30),(210,'Cardamon Ground',5,'Baru','Bubuk cardamon',65206,59),(211,'Oil - Avocado',67,'Baru','Minyak alpukat',65291,84),(212,'Capers - Pickled',26,'Baru','Acar capers',42562,22),(213,'Eggplant Oriental',82,'Baru','Terong oriental',35370,228),(214,'Cheese - Blue',74,'Baru','Keju biru',26387,42),(215,'Everfresh Products',9,'Baru','Produk segar',1908,186),(216,'Cookies Cereal Nut',80,'Baru','Sereal cookies kacang',32165,66),(217,'Tomato - Tricolor Cherry',54,'Baru','Tomat 3 warna',91176,188),(218,'Chick Peas - Dried',99,'Baru','Chickpeas kering',83363,66),(219,'Beer - Camerons Cream Ale',95,'Baru','Bir Cream Ale',89807,1),(220,'Mushroom - Oyster, Fresh',15,'Baru','Jamur tiram fresh',16632,187),(221,'Nut - Cashews, Whole, Raw',97,'Baru','Kacang cashews',61675,284),(222,'Tomatoes - Vine Ripe, Yellow',50,'Baru','Tomat kuning matang',63819,211),(223,'Fish - Atlantic Salmon, Cold',22,'Baru','Salmon Atlantik',80851,112),(224,'Vaccum Bag - 15x21',93,'Baru','Bag vakum',78219,42),(225,'Island Oasis - Raspberry',88,'Baru','Raspberry Pulau Oasis',26673,284),(226,'Soup - Campbells Beef Noodle',53,'Baru','Sup mie sapi',87190,271),(227,'Pork - Sausage Casing',78,'Baru','Sosis babi',87466,136),(228,'Lotus Rootlets - Canned',80,'Baru','Lotus kaleng',61473,97),(229,'Nut - Macadamia',72,'Baru','Kacang macademia',78005,121),(230,'Versatainer Nc - 8288',93,'Baru','Versatainer',48396,147),(231,'Sauce - Alfredo',37,'Baru','Saus Alfredo',33582,79),(232,'Onion - Dried',11,'Baru','Bawang bombay kering',7675,138),(233,'Kellogs Special K Cereal',55,'Baru','Kellogs Cereal',47693,22),(234,'Extract - Vanilla,artificial',69,'Baru','Esktrak vanilla buatan',79540,205),(235,'Artichoke - Fresh',20,'Baru','Arthicoke segar',47567,79),(236,'Lid - 3oz Med Rec',66,'Baru','Med Rec 3 ons',89549,148),(237,'Wine - Alsace Gewurztraminer',27,'Baru','Anggur Alsace',18839,121),(238,'Mousse - Banana Chocolate',50,'Baru','Coklat pisang mousse',72984,230),(239,'Salt - Celery',58,'Baru','Garam celery',60808,90),(240,'Ocean Spray - Kiwi Strawberry',98,'Baru','Kiwi Stroberi spray',8959,284),(241,'Berry Brulee',41,'Baru','Brulee rasa beri',40762,188),(242,'Nut - Pecan, Halves',57,'Baru','Kacang pecan halves',61231,14),(243,'Fruit Mix - Light',70,'Baru','Buah campur',64947,168),(244,'Chocolate - Sugar Free Semi Choc',77,'Baru','Coklat sugar free',13137,15),(245,'Coffee Guatemala Dark',36,'Baru','Kopi hitam guatemala',88979,194),(246,'Loaf Pan - 2 Lb, Foil',91,'Baru','Pan',47344,268),(247,'Rabbit - Saddles',10,'Baru','Sepatu kelinci',89266,31),(248,'Soup - Knorr, Veg / Beef',5,'Baru','Sup Knorr veg/beef',66420,126),(249,'Pumpkin - Seed',60,'Baru','Biji labu',50964,228),(250,'Frangelico',66,'Baru','frangelico',65817,168),(251,'Cut Wakame - Hanawakaba',40,'Baru','Hanawakaba Cut',50439,293),(252,'Melon - Honey Dew',90,'Baru','Melon Madu Dew',9920,285),(253,'Wine - Manischewitz Concord',46,'Baru','Anggur Manischewitz',50858,186),(254,'Flour - Semolina',31,'Baru','Tepung semolina',95947,31),(255,'Steel Wool',10,'Baru','Wool baja',64231,205),(256,'Taro Leaves',50,'Baru','Daun taro',72867,248),(257,'Muffin Batt - Choc Chk',95,'Baru','Coklat Muffin Batt',59009,257),(258,'Longos - Lasagna Veg',47,'Baru','Lasagna sayur',6123,67),(259,'Juice - Lime',3,'Baru','Jus lime',32852,242),(260,'Smoked Tongue',30,'Baru','Lidah asap',86555,125),(261,'Ecolab - Hand Soap Form Antibac',83,'Baru','Sabun batang',38732,97),(262,'Coffee - Colombian, Portioned',84,'Baru','Kopi Colombian',64043,232),(263,'Calaloo',100,'Baru','Calalooloo',5664,130),(264,'Snapple - Mango Maddness',55,'Baru','Snapple Mangga',5624,78),(265,'Tea - Camomele',83,'Baru','Teh camomele',1185,94),(266,'Squeeze Bottle',46,'Baru','Botol tekan',16464,65),(267,'Wine - Champagne Brut Veuve',75,'Baru','Sampanye Brut',66317,199),(268,'Beans - Black Bean, Canned',57,'Baru','Kacang hitam kaleng',16873,228),(269,'Chutney Sauce',8,'Baru','Sauce chutney',38718,22),(270,'Crab - Soft Shell',34,'Baru','Kepiting soft shell',7489,118),(271,'Coffee - Ristretto Coffee Capsule',58,'Baru','Kopi Ristretto',89198,188),(272,'Bag - Bread, White, Plain',51,'Baru','Roti putih, plain',5718,295),(273,'Soup V8 Roasted Red Pepper',39,'Baru','Sup red pepper',17046,181),(274,'Pop - Club Soda Can',57,'Baru','Soda club',17035,126),(275,'Raspberries - Dried',18,'Baru','Raspberry kering',3296,238),(276,'Salt And Pepper Mix - Black',26,'Baru','Garam lada',22536,208),(277,'Table Cloth 54x54 Colour',24,'Baru','Tatakan meja warna',84865,51),(278,'Canada Dry',73,'Baru','Kanada Kering',22677,186),(279,'Tart Shells - Savory, 4',78,'Baru','Tart Shells gurih',15095,15),(280,'Cocoa Feuilletine',16,'Baru','Feuilletine cocoa',75848,31),(281,'Grouper - Fresh',96,'Baru','Ikan Grouper',93640,90),(282,'Soup - Campbells',5,'Baru','Sup campbell',40444,299),(283,'Chick Peas - Dried',79,'Baru','cick peas kering',91415,67),(284,'True - Vue Containers',89,'Baru','Kontainer vue',45862,251),(285,'Wine - Chianti Classico Riserva',62,'Baru','Anggur Chianti',46669,59),(286,'Cake - Bande Of Fruit',8,'Baru','Buah campur bande',20400,71),(287,'Egg - Salad Premix',70,'Baru','Salad telur',56734,126),(288,'Tarragon - Primerba, Paste',18,'Baru','Primerba tarragon',80980,197),(289,'Chicken - Tenderloin',4,'Baru','Ciken tenderloin',81562,97),(290,'Vanilla Beans',14,'Baru','Biji vanilla',74966,162),(291,'Rootbeer',81,'Baru','rootber',3399,221),(292,'Shallots',28,'Baru','Bawang merah cu',85471,66),(293,'Kellogs Sereal',58,'Baru','Sereal kelok',57656,162),(294,'Swiss Chard',20,'Baru','Chard Suis',10312,238),(295,'Wine - White, Riesling, Henry Of',82,'Baru','Anggur Henry White',96201,112),(296,'Salt - Table',69,'Baru','Garam meja',36092,64),(297,'Wine - Saint Emilion Calvet',12,'Baru','Anggur Saint Emilion',8177,185),(298,'Veal - Nuckle',7,'Baru','Nuckle vil',41583,81),(299,'Mustard - Dry, Powder',70,'Baru','Bubuk mustard kering',39433,295),(300,'Beef - Chuck, Boneless',37,'Baru','Sapi bagian chuck',55786,31),(301,'Longos - Penne With Pesto',55,'Baru','Pesto penne',73856,97),(302,'Daves Island Stinger',21,'Baru','Stinger pulau dave',34797,271),(303,'Chicken - Wieners',69,'Baru','Wiener ayam',77292,289),(304,'Chinese Foods - Pepper Beef',22,'Baru','Sapi lada Chinese food',84322,129),(305,'Country Roll',35,'Baru','makanan roll',77964,284),(306,'Dome Lid Clear P92008h',72,'Baru','Tutup jernih dome',81344,205),(307,'Chips - Miss Vickies',30,'Baru','Keripik Ms Vickies',98132,284),(308,'Remy Red',25,'Baru','Remy merah',72241,295),(309,'Water - Spring Water, 355 Ml',50,'Baru','Air putih 355ML',32065,186),(310,'Wine - Red, Pinot Noir, Chateau',92,'Baru','Anggur Merah pinot noir',8093,28),(311,'Assorted Desserts',94,'Baru','makanan penutup',3122,81),(312,'Wine - Red, Antinori Santa',55,'Baru','Anggur antinori santa',65060,94),(313,'Lamb - Rack',69,'Baru','lamb rack',90628,211),(314,'Bag Stand',75,'Baru','tatakan tas',54801,271),(315,'Mince Meat - Filling',100,'Baru','daging cincang',66661,172),(316,'Cookie - Oatmeal',17,'Baru','Oatmeal cookie',73436,64),(317,'Flower - Dish Garden',18,'Baru','Bunga Dish Garden',30410,28),(318,'Tea - Decaf Lipton',24,'Baru','Teh Lipton decaf',80103,130),(319,'Muffin Mix - Oatmeal',48,'Baru','Oatmeal muffin mix',95884,230),(320,'Lamb Rack Frenched Australian',31,'Baru','Lamb rack Australia',32746,23),(321,'Quail - Whole, Bone - In',58,'Baru','Burung dara whole',57890,30),(322,'Nut - Almond, Blanched, Ground',29,'Baru','Kacang almond kering',15529,188),(323,'Beans - French',16,'Baru','Kacang Prancis',74219,23),(324,'Lid - High Heat, Super Clear',11,'Baru','Tutup tahan panas',38447,42),(325,'Lobster - Tail, 3 - 4 Oz',63,'Baru','Ekor lobster 3-4 ons',8324,262),(326,'Tea - Orange Pekoe',52,'Baru','Teh Pekoe oranye',73901,66),(327,'Bread - Kimel Stick Poly',82,'Baru','Roti Kimel stick',9211,121),(328,'Dried Figs',47,'Baru','Figs kering',94347,89),(329,'Eggs - Extra Large',49,'Baru','Telor ekstra besar',11482,110),(330,'Oil - Shortening - All - Purpose',37,'Baru','Minyak all purpose',43574,64),(331,'Oil - Margarine',83,'Baru','Margarine',76240,14),(332,'Bread - White, Sliced',28,'Baru','Roti putih potong',72030,288),(333,'Rambutan',50,'Baru','Juicy Rambutan',55687,290),(334,'Sardines',84,'Baru','Sarden',32895,211),(335,'Pasta - Tortellini, Fresh',47,'Baru','Fresh tortellini',29307,290),(336,'Oil - Macadamia',54,'Baru','Minyak macadamia',12246,89),(337,'Rum - Coconut, Malibu',82,'Baru','Rum kelapa malibu',22676,42),(338,'Chicken Giblets',34,'Baru','Giblets ayam',57319,82),(339,'Cherries - Frozen',83,'Baru','Ceri beku',85182,129),(340,'Pasta - Elbows, Macaroni, Dry',53,'Baru','Cocok untuk macncheese',12027,15),(341,'Vinegar - Sherong',54,'Baru','Cuka sherong',94942,84),(342,'Red Snapper - Fresh, Whole',6,'Baru','Whole kakap merah',24506,257),(343,'Lighter - Bbq',47,'Baru','BBQ lighter',69948,252),(344,'Soup - Campbells - Tomato',56,'Baru','Sup tomat campbell',53040,147),(345,'Rum - Coconut, Texas',89,'Baru','Rum kelapa texas',33892,66),(346,'Cheese - Marble',2,'Baru','Keju marble',81168,197),(347,'Cheese - Mozarella',2,'Baru','Keju mozarella',75783,295),(348,'Aspic - Clear',31,'Baru','Aspic jernih',42295,271),(349,'Longos - Chicken Wings',85,'Baru','Sayap ayam longos',43759,23),(350,'Cup Translucent 9 Oz',64,'Baru','Cup jernih 9oz',80595,168),(351,'Eel - Smoked',61,'Baru','Belut asap',25133,282),(352,'Tomato Puree',90,'Baru','Puree tomat',19188,299),(353,'Soap - Hand Soap',65,'Baru','Sabun batang gan',7706,28),(354,'Nantucket - Carrot Orange',45,'Baru','Wortel oranye',36165,90),(355,'Calvados - Boulard',76,'Baru','Calvados',56049,143),(356,'Pastry - Baked Scones - Mini',34,'Baru','Scones panggang mini',30283,50),(357,'Oil - Grapeseed Oil',31,'Baru','Minyak biji anggur',59603,90),(358,'Red Snapper - Fillet, Skin On',36,'Baru','Fillet kakap merah',1036,275),(359,'Cheese - Brick With Pepper',41,'Baru','Keju kotak dengan lada',29915,66),(360,'Tea - Darjelong, Azzura',27,'Baru','Teh darjelong',6127,81),(361,'Pork - Side Ribs',69,'Baru','Ribs samping babi',48589,51),(362,'Easy Off Oven Cleaner',43,'Baru','Pembersih oven',27873,66),(363,'Turnip - White, Organic',89,'Baru','Turnip putih organik',22074,181),(364,'Table Cloth 81x81 Colour',91,'Baru','Tatakan meja warna',14048,284),(365,'Sole - Dover, Whole, Fresh',59,'Baru','Dover utuh segar',22995,299),(366,'Cheese - Parmesan Grated',88,'Baru','Keju parmesan parut',75501,64),(367,'Sugar - Monocystal / Rock',5,'Baru','Gula batu',54130,238),(368,'Chicken - Wings, Tip Off',13,'Baru','Sayap ayam tanpa tip',34043,127),(369,'Napkin - Dinner, White',25,'Baru','Tisu makan putih',70224,1),(370,'Bread - Mini Hamburger Bun',7,'Baru','Roti hamburger mini',91608,136),(371,'Cherries - Bing, Canned',42,'Baru','Ceri kaleng',14732,194),(372,'Soup - Cream Of Potato / Leek',46,'Baru','Sup kentang dan leek',62672,82),(373,'Wine - Touraine Azay - Le - Rideau',11,'Baru','Anggur Touraine',49445,121),(374,'Basil - Thai',40,'Baru','Basil dari Thailand',10474,248),(375,'Eggplant - Asian',41,'Baru','Asian terong',30645,81),(376,'Avocado',40,'Baru','Alpukat',89881,69),(377,'Beef - Ox Tail, Frozen',20,'Baru','Ekor kerbau beku',40386,82),(378,'Radish',19,'Baru','lobak',31684,118),(379,'Beef Striploin Aaa',77,'Baru','Striploin sapi',94558,24),(380,'Soupcontfoam16oz 116con',71,'Baru','Sup countfoam 16oz',26467,89),(381,'Pepper - Green Thai',77,'Baru','Pepper Thailand hijau',47120,97),(382,'Wine - Pinot Noir Latour',97,'Baru','Anggur Pinot Noir',62549,251),(383,'Dragon Fruit',5,'Baru','Buah naga',42520,219),(384,'Truffle - Whole Black Peeled',50,'Baru','Black truffle peeled',67145,67),(385,'Chutney Sauce - Mango',3,'Baru','Saus chutney mangga',44932,84),(386,'Pork Loin Cutlets',85,'Baru','Potongan loin babi',66505,84),(387,'Tomatoes - Diced, Canned',39,'Baru','Tomat kubus kaleng',3182,199),(388,'Potatoes - Pei 10 Oz',41,'Baru','Kentang pei 10oz',33319,228),(389,'Tomato - Peeled Italian Canned',71,'Baru','Tomat Itali kaleng',84769,126),(390,'Turkey - Oven Roast Breast',28,'Baru','Dada turkey panggang',7832,110),(391,'Chicken - Bones',52,'Baru','Tulang ayam',21820,75),(392,'Beef - Inside Round',96,'Baru','Jeroan sapi',1367,141),(393,'Sobe - Tropical Energy',89,'Baru','Energi dari tropis',79909,257),(394,'Lobster - Base',62,'Baru','Base lobster',93873,88),(395,'Skirt - 24 Foot',79,'Baru','Rok 24 foot',2197,80),(396,'Veal - Knuckle',1,'Baru','Knuckle veal',11461,24),(397,'Carbonated Water - Strawberry',81,'Baru','Air soda stroberi',51893,275),(398,'Sauce - Chili',49,'Baru','Saus sambel',94230,154),(399,'Vaccum Bag 10x13',10,'Baru','Tas vakum 10x13',73985,127),(400,'Amarula Cream',99,'Baru','Krim amarula',9019,88);
/*!40000 ALTER TABLE `barang` ENABLE KEYS */;
UNLOCK TABLES;

--
-- Table structure for table `dibeli`
--

DROP TABLE IF EXISTS `dibeli`;
/*!40101 SET @saved_cs_client     = @@character_set_client */;
/*!40101 SET character_set_client = utf8 */;
CREATE TABLE `dibeli` (
  `NoTransaksi` int(10) NOT NULL,
  `IDBarang` int(10) NOT NULL,
  `Quantity` int(10) DEFAULT NULL,
  KEY `NoTransaksi` (`NoTransaksi`),
  KEY `IDBarang` (`IDBarang`),
  CONSTRAINT `dibeli_ibfk_1` FOREIGN KEY (`NoTransaksi`) REFERENCES `transaksi` (`NoTransaksi`) ON DELETE CASCADE ON UPDATE CASCADE,
  CONSTRAINT `dibeli_ibfk_2` FOREIGN KEY (`IDBarang`) REFERENCES `barang` (`IDBarang`) ON DELETE CASCADE ON UPDATE CASCADE
) ENGINE=InnoDB DEFAULT CHARSET=latin1;
/*!40101 SET character_set_client = @saved_cs_client */;

--
-- Dumping data for table `dibeli`
--

LOCK TABLES `dibeli` WRITE;
/*!40000 ALTER TABLE `dibeli` DISABLE KEYS */;
INSERT INTO `dibeli` (`NoTransaksi`, `IDBarang`, `Quantity`) VALUES (1,115,10),(2,99,2),(3,253,2),(4,80,5),(5,75,6),(6,42,8),(7,284,10),(8,153,3),(9,95,1),(10,175,10),(11,120,3),(12,5,8),(13,11,8),(14,394,8),(15,64,7),(16,378,5),(17,15,6),(18,170,6),(19,128,9),(20,59,4),(21,72,1),(22,119,2),(23,143,8),(24,118,2),(25,21,8),(26,147,8),(27,140,8),(28,136,6),(29,150,7),(30,48,3),(31,151,4),(32,37,6),(33,171,9),(34,376,8),(35,232,9),(36,400,3),(37,91,7),(38,328,5),(39,225,4),(40,163,5),(41,296,1),(42,144,2),(43,20,10),(44,202,7),(45,12,8),(46,54,3),(47,230,1),(48,346,9),(49,332,3),(50,391,7),(51,344,8),(52,262,6),(53,240,7),(54,18,1),(55,275,7),(56,376,9),(57,277,3),(58,89,6),(59,24,9),(60,53,4),(61,134,5),(62,34,10),(63,140,5),(64,325,4),(65,252,8),(66,2,6),(67,54,2),(68,43,8),(69,372,7),(70,154,8),(71,226,2),(72,112,2),(73,149,2),(74,128,7),(75,307,4),(76,47,2),(77,294,1),(78,219,10),(79,355,7),(80,278,6),(81,207,2),(82,382,4),(83,293,3),(84,297,6),(85,94,1),(86,376,1),(87,312,3),(88,19,7),(89,198,8),(90,26,5),(91,364,6),(92,152,6),(93,211,10),(94,91,5),(95,230,5),(96,267,5),(97,9,8),(98,131,7),(99,65,8),(100,16,5),(101,264,2),(102,46,7),(103,31,8),(104,41,2),(105,135,1),(106,195,8),(107,356,6),(108,52,6),(109,3,10),(110,92,1),(111,22,7),(112,316,4),(113,227,9),(114,173,3),(115,185,5),(116,315,3),(117,330,9),(118,76,10),(119,380,7),(120,11,1),(121,126,1),(122,309,10),(123,229,8),(124,144,2),(125,360,9),(126,8,2),(127,135,4),(128,390,1),(129,155,8),(130,350,7),(131,124,2),(132,28,4),(133,40,10),(134,139,10),(135,90,7),(136,318,10),(137,33,3),(138,313,10),(139,303,10),(140,180,10),(141,32,8),(142,376,9),(143,231,2),(144,273,5),(145,201,3),(146,270,6),(147,73,5),(148,264,8),(149,96,6),(150,351,1),(151,125,5),(152,87,1),(153,111,5),(154,27,3),(155,158,2),(156,106,1),(157,135,1),(158,363,4),(159,237,1),(160,302,1),(161,392,5),(162,220,2),(163,375,1),(164,376,3),(165,286,3),(166,170,5),(167,238,1),(168,172,4),(169,154,1),(170,13,3),(171,2,1),(172,89,1),(173,129,3),(174,367,2),(175,69,5),(176,44,3),(177,373,1),(178,394,4),(179,159,2),(180,332,5),(181,3,4),(182,208,3),(183,156,5),(184,383,1),(185,283,2),(186,398,4),(187,141,5),(188,242,3),(189,148,4),(190,348,2),(191,297,3),(192,183,4),(193,268,5),(194,166,5),(195,217,3),(196,66,4),(197,388,1),(198,244,3),(199,168,1),(200,234,5),(201,400,4),(202,77,4),(203,379,2),(204,331,1),(205,148,2),(206,16,4),(207,88,4),(208,11,4),(209,256,1),(210,204,3),(211,261,2),(212,393,1),(213,191,2),(214,271,2),(215,255,5),(216,137,4),(217,181,2),(218,174,4),(219,262,5),(220,1,5),(221,247,2),(222,215,1),(223,75,1),(224,361,1),(225,259,4),(226,55,5),(227,23,2),(228,387,4),(229,396,1),(230,381,3),(231,272,1),(232,143,5),(233,299,1),(234,291,1),(235,85,4),(236,206,5),(237,146,2),(238,366,5),(239,121,1),(240,34,2),(241,62,2),(242,50,4),(243,251,5),(244,304,3),(245,246,5),(246,181,3),(247,207,5),(248,374,4),(249,274,2),(250,3,2);
/*!40000 ALTER TABLE `dibeli` ENABLE KEYS */;
UNLOCK TABLES;

--
-- Table structure for table `jasapengiriman`
--

DROP TABLE IF EXISTS `jasapengiriman`;
/*!40101 SET @saved_cs_client     = @@character_set_client */;
/*!40101 SET character_set_client = utf8 */;
CREATE TABLE `jasapengiriman` (
  `Nama` varchar(50) NOT NULL,
  PRIMARY KEY (`Nama`)
) ENGINE=InnoDB DEFAULT CHARSET=latin1;
/*!40101 SET character_set_client = @saved_cs_client */;

--
-- Dumping data for table `jasapengiriman`
--

LOCK TABLES `jasapengiriman` WRITE;
/*!40000 ALTER TABLE `jasapengiriman` DISABLE KEYS */;
/*!40000 ALTER TABLE `jasapengiriman` ENABLE KEYS */;
UNLOCK TABLES;

--
-- Table structure for table `jenispengiriman`
--

DROP TABLE IF EXISTS `jenispengiriman`;
/*!40101 SET @saved_cs_client     = @@character_set_client */;
/*!40101 SET character_set_client = utf8 */;
CREATE TABLE `jenispengiriman` (
  `Jenis` varchar(50) NOT NULL,
  `JasaPengiriman` varchar(30) NOT NULL,
  `Ongkir` float DEFAULT NULL,
  PRIMARY KEY (`Jenis`,`JasaPengiriman`)
) ENGINE=InnoDB DEFAULT CHARSET=latin1;
/*!40101 SET character_set_client = @saved_cs_client */;

--
-- Dumping data for table `jenispengiriman`
--

LOCK TABLES `jenispengiriman` WRITE;
/*!40000 ALTER TABLE `jenispengiriman` DISABLE KEYS */;
INSERT INTO `jenispengiriman` (`Jenis`, `JasaPengiriman`, `Ongkir`) VALUES ('J&T','Ekonomi (0-10 km)',7000),('J&T','Ekonomi (10-20 km)',9000),('J&T','Ekonomi (100-300 km)',22000),('J&T','Ekonomi (1000-2000 km)',70000),('J&T','Ekonomi (20-50 km)',10000),('J&T','Ekonomi (300-1000 km)',44000),('J&T','Ekonomi (50-100 km)',17000),('J&T','Ekonomi (>2000 km)',97000),('J&T','Express (0-10 km)',5000),('J&T','Express (10-20 km)',10000),('J&T','Express (100-300 km)',22000),('J&T','Express (1000-2000 km)',70000),('J&T','Express (20-50 km)',9000),('J&T','Express (300-1000 km)',44000),('J&T','Express (50-100 km)',17000),('J&T','Express (>2000 km)',97000),('J&T','Jemari (0-10 km)',7000),('J&T','Jemari (10-20 km)',10000),('J&T','Jemari (100-300 km)',28000),('J&T','Jemari (1000-2000 km)',70000),('J&T','Jemari (20-50 km)',9000),('J&T','Jemari (300-1000 km)',44000),('J&T','Jemari (50-100 km)',15000),('J&T','Jemari (>2000 km)',97000),('JNE','OKE (0-10 km)',6000),('JNE','OKE (10-20 km)',8000),('JNE','OKE (100-300 km)',25000),('JNE','OKE (1000-2000 km)',67000),('JNE','OKE (20-50 km)',11000),('JNE','OKE (300-1000 km)',46000),('JNE','OKE (50-100 km)',16000),('JNE','OKE (>2000 km)',96000),('JNE','REG (0-10 km)',3000),('JNE','REG (10-20 km)',10000),('JNE','REG (100-300 km)',24000),('JNE','REG (1000-2000 km)',64000),('JNE','REG (20-50 km)',14000),('JNE','REG (300-1000 km)',45000),('JNE','REG (50-100 km)',14000),('JNE','REG (>2000 km)',95000),('JNE','SS (0-10 km)',5000),('JNE','SS (10-20 km)',9000),('JNE','SS (100-300 km)',22000),('JNE','SS (1000-2000 km)',64000),('JNE','SS (20-50 km)',9000),('JNE','SS (300-1000 km)',47000),('JNE','SS (50-100 km)',18000),('JNE','SS (>2000 km)',98000),('JNE','YES (0-10 km)',3000),('JNE','YES (10-20 km)',10000),('JNE','YES (100-300 km)',24000),('JNE','YES (1000-2000 km)',64000),('JNE','YES (20-50 km)',8000),('JNE','YES (300-1000 km)',47000),('JNE','YES (50-100 km)',18000),('JNE','YES (>2000 km)',97000),('POS Indonesia','PI (0-10 km)',7000),('POS Indonesia','PI (10-20 km)',9000),('POS Indonesia','PI (100-300 km)',28000),('POS Indonesia','PI (1000-2000 km)',70000),('POS Indonesia','PI (20-50 km)',9000),('POS Indonesia','PI (300-1000 km)',45000),('POS Indonesia','PI (50-100 km)',14000),('POS Indonesia','PI (>2000 km)',98000),('SiCepat','Same Day (0-10 km)',6000),('SiCepat','Same Day (10-20 km)',6000),('SiCepat','Same Day (100-300 km)',30000),('SiCepat','Same Day (1000-2000 km)',72000),('SiCepat','Same Day (20-50 km)',10000),('SiCepat','Same Day (300-1000 km)',42000),('SiCepat','Same Day (50-100 km)',11000),('SiCepat','Same Day (>2000 km)',100000),('SiCepat','SiUntung (0-10 km)',3000),('SiCepat','SiUntung (10-20 km)',12000),('SiCepat','SiUntung (100-300 km)',21000),('SiCepat','SiUntung (1000-2000 km)',62000),('SiCepat','SiUntung (20-50 km)',6000),('SiCepat','SiUntung (300-1000 km)',46000),('SiCepat','SiUntung (50-100 km)',15000),('SiCepat','SiUntung (>2000 km)',97000),('TIKI','ONS (0-10 km)',7000),('TIKI','ONS (10-20 km)',6000),('TIKI','ONS (100-300 km)',28000),('TIKI','ONS (1000-2000 km)',64000),('TIKI','ONS (20-50 km)',13000),('TIKI','ONS (300-1000 km)',44000),('TIKI','ONS (50-100 km)',15000),('TIKI','ONS (>2000 km)',97000),('TIKI','REG (0-10 km)',1000),('TIKI','REG (10-20 km)',8000),('TIKI','REG (100-300 km)',25000),('TIKI','REG (1000-2000 km)',66000),('TIKI','REG (20-50 km)',11000),('TIKI','REG (300-1000 km)',45000),('TIKI','REG (50-100 km)',21000),('TIKI','REG (>2000 km)',96000),('TIKI','TDS (0-10 km)',3000),('TIKI','TDS (10-20 km)',13000),('TIKI','TDS (100-300 km)',22000),('TIKI','TDS (1000-2000 km)',67000),('TIKI','TDS (20-50 km)',15000),('TIKI','TDS (300-1000 km)',47000),('TIKI','TDS (50-100 km)',15000),('TIKI','TDS (>2000 km)',92000);
/*!40000 ALTER TABLE `jenispengiriman` ENABLE KEYS */;
UNLOCK TABLES;

--
-- Table structure for table `kategoribarang`
--

DROP TABLE IF EXISTS `kategoribarang`;
/*!40101 SET @saved_cs_client     = @@character_set_client */;
/*!40101 SET character_set_client = utf8 */;
CREATE TABLE `kategoribarang` (
  `IDBarang` int(10) NOT NULL,
  `Kategori` varchar(50) DEFAULT NULL,
  UNIQUE KEY `IDBarang` (`IDBarang`,`Kategori`),
  CONSTRAINT `kategoribarang_ibfk_1` FOREIGN KEY (`IDBarang`) REFERENCES `barang` (`IDBarang`) ON DELETE CASCADE ON UPDATE CASCADE
) ENGINE=InnoDB DEFAULT CHARSET=latin1;
/*!40101 SET character_set_client = @saved_cs_client */;

--
-- Dumping data for table `kategoribarang`
--

LOCK TABLES `kategoribarang` WRITE;
/*!40000 ALTER TABLE `kategoribarang` DISABLE KEYS */;
INSERT INTO `kategoribarang` (`IDBarang`, `Kategori`) VALUES (1,'Drink'),(2,'Phone'),(2,'Technology'),(3,'Sweets'),(3,'Syrup'),(4,'Food'),(4,'Soup'),(5,'Techonology'),(6,'Grocery'),(6,'Meat'),(7,'Entertainment'),(7,'Game'),(8,'Entertainment'),(8,'Game'),(9,'Food'),(9,'Grocery'),(9,'Techonology'),(10,'Bread'),(10,'Food'),(10,'Grocery'),(11,'Cooking'),(11,'Grocery'),(12,'Grocery'),(12,'Kitchen'),(12,'Meat'),(13,'Game'),(13,'Technology'),(14,'Food'),(14,'Grocery'),(15,'Food'),(16,'Food'),(16,'Grocery'),(17,'Bread'),(17,'Food'),(18,'Food'),(18,'Fruit'),(18,'Grocery'),(19,'Beer'),(19,'Drink'),(20,'Grocery'),(21,'Bread'),(21,'Food'),(22,'Grocery'),(22,'Meat'),(23,'Condiment'),(23,'Sauce'),(24,'Bread'),(24,'Food'),(25,'Grocery'),(25,'Meat'),(26,'Food'),(26,'Instan Food'),(27,'Drink'),(27,'Wine'),(28,'Grocery'),(28,'Vegetables'),(29,'Game'),(29,'Techonology'),(30,'Entertainment'),(30,'Game'),(31,'Entertainment'),(31,'Technology'),(32,'Drink'),(32,'Wine'),(33,'Chemical'),(34,'Desert'),(34,'Ice Cream'),(35,'Sauce'),(36,'Grocery'),(36,'Herb'),(37,'Food'),(38,'Cheese'),(38,'Grocery'),(39,'Technology'),(40,'Food'),(40,'Pasta'),(41,'Grocery'),(42,'Grocery'),(43,'Can Food'),(43,'Grocery'),(44,'Soup'),(45,'Drink'),(45,'Wine'),(46,'Fruit'),(46,'Grocery'),(47,'Sauce'),(48,'Food'),(48,'Sweets'),(49,'Drink'),(49,'Liqueur'),(50,'Drink'),(50,'Liqueur'),(51,'Chocolate'),(51,'Food'),(52,'Entertainment'),(52,'Game'),(53,'Grocery'),(53,'Herb'),(54,'Energy Bar'),(54,'Food'),(55,'Food'),(56,'Grocery'),(56,'Herb'),(57,'Drink'),(57,'Wine'),(58,'Grocery'),(58,'Vegetables'),(59,'Food'),(60,'Beer'),(60,'Drink'),(61,'Sauce'),(62,'Cheese'),(62,'Food'),(63,'Bread'),(63,'Grocery'),(64,'Grocery'),(64,'Vegetables'),(65,'Chiken'),(65,'Food'),(66,'Coffee'),(66,'Drink'),(67,'Entertainment'),(67,'Game'),(68,'Entertainment'),(68,'Game'),(69,'Drink'),(69,'Tea'),(70,'Fruit'),(70,'Grocery'),(71,'Entertainment'),(71,'Technology'),(72,'Bread'),(72,'Food'),(73,'Entertainment'),(73,'Game'),(74,'Entertainment'),(74,'Figure'),(75,'Chalk'),(76,'Grocery'),(76,'Meat'),(77,'Beer'),(77,'Drink'),(78,'Food'),(78,'Sweets'),(79,'Entertainment'),(79,'Game'),(80,'Drink'),(80,'Tea'),(81,'Entertainment'),(82,'Grocery'),(83,'Miscellaneous'),(84,'Doll'),(84,'Entertainment'),(85,'Entertainment'),(85,'Game'),(86,'Food'),(87,'Grocery'),(88,'Food'),(88,'Soup'),(89,'Food'),(90,'Entertainment'),(90,'Game'),(91,'Clothes'),(91,'Hoodie'),(92,'Drink'),(93,'Food'),(93,'Instan Food'),(94,'Clothes'),(95,'Food'),(96,'Food'),(97,'Cheese'),(97,'Kitchen'),(98,'Clothes'),(98,'Hoodie'),(99,'Kitchen'),(100,'Food'),(100,'Soup'),(101,'Clothes'),(101,'Hoodie'),(102,'Bag'),(103,'Clothes'),(104,'Clothes'),(104,'Hoodie'),(105,'Food'),(105,'Grocery'),(106,'Food'),(106,'Pasta'),(107,'Cleaning'),(107,'House hold'),(108,'Technology'),(109,''),(110,'Technology'),(111,'House hold'),(112,'Printing'),(112,'Technology'),(113,'Baking'),(113,'Kitchen'),(114,'Food'),(114,'Soup'),(115,'Cooking'),(115,'Rum'),(116,'Grocery'),(116,'Vegetables'),(117,'Food'),(117,'Meat'),(118,'Technology'),(119,'Drink'),(120,'Grocery'),(120,'Kitchen'),(121,'Technology'),(122,'Food'),(122,'Pasta'),(123,'Grocery'),(123,'Meat'),(124,'Technology'),(125,'Grocery'),(125,'Vegetables'),(126,'Grocery'),(127,'Batery'),(128,'Entertainment'),(128,'Technology'),(129,'Grocery'),(129,'Meat'),(130,'Technology'),(131,'Grocery'),(132,'Grocery'),(132,'Meat'),(133,'Technology'),(134,'Technology'),(135,'Technology'),(136,'Chiken'),(136,'Grocery'),(137,'Food'),(138,'Grocery'),(139,'Drink'),(139,'Wine'),(140,'Technology'),(141,'Drink'),(141,'Wine'),(142,'Drink'),(142,'Tea'),(143,'Grocery'),(143,'Vegetables'),(144,'Grocery'),(144,'Meat'),(145,'Bread'),(145,'Food'),(146,'Entertainment'),(146,'Techonology'),(147,'Grocery'),(148,'Entertainment'),(148,'Game'),(149,'Food'),(149,'Soup'),(150,'Cheese'),(150,'Food'),(151,'Technology'),(152,'Bread'),(153,'Grocery'),(153,'Vegetables'),(154,'Entertainment'),(154,'Game'),(155,'Grocery'),(155,'Vegetables'),(156,'Drink'),(157,'Grocery'),(158,'Technology'),(159,'Kitchen'),(160,'Technology'),(160,'TV'),(161,'Drink'),(161,'Liqueur'),(162,'Can Food'),(162,'Soup'),(163,'Technology'),(163,'TV'),(164,'Drink'),(164,'Liqueur'),(165,'Drink'),(165,'Wine'),(166,'Drink'),(166,'Wine'),(167,'Grocery'),(168,'Bread'),(168,'Food'),(169,''),(170,'Grocery'),(171,'Grocery'),(171,'Vegetables'),(172,'Drink'),(173,'Cheese'),(173,'Food'),(174,'Technology'),(175,'Drink'),(175,'Wine'),(176,'Drink'),(177,'Grocery'),(178,'Techonology'),(179,'Techonology'),(180,'Grocery'),(180,'Vegetables'),(181,'Techonology'),(182,'Food'),(183,'Food'),(183,'Grocery'),(184,'Techonology'),(185,'Grocery'),(186,'Grocery'),(186,'Vegetables'),(187,'Drink'),(188,'Techonology'),(189,'Techonology'),(190,'Food'),(191,'Techonology'),(192,'Food'),(193,'Techonology'),(194,'Food'),(195,'Grocery'),(195,'Vegetables'),(196,'Grocery'),(196,'Meat'),(197,'Drink'),(198,'Drink'),(199,'Techonology'),(200,'Food'),(200,'Grocery'),(201,'Bread'),(201,'Food'),(202,'Food'),(203,'Bread'),(203,'Food'),(204,'Drink'),(205,'Drink'),(205,'Liqueur'),(206,'Grocery'),(207,'Fruit'),(207,'Grocery'),(208,'Grocery'),(208,'House hold'),(209,'Drink'),(210,'Grocery'),(211,'Grocery'),(212,'Food'),(212,'Grocery'),(213,'Grocery'),(213,'Vegetables'),(214,'Cheese'),(214,'Food'),(215,''),(216,'Food'),(216,'Sweets'),(217,'Grocery'),(217,'Vegetables'),(218,'Grocery'),(219,'Beer'),(219,'Drink'),(220,'Grocery'),(220,'Vegetables'),(221,'Grocery'),(222,'Grocery'),(222,'Vegetables'),(223,'Grocery'),(223,'Meat'),(224,'House hold'),(225,'Drink'),(226,'Food'),(226,'Soup'),(227,'Grocery'),(228,'Can Food'),(228,'Grocery'),(229,'Food'),(230,'House hold'),(230,'Kitchen'),(231,'Grocery'),(231,'Sauce'),(232,'Grocery'),(232,'Vegetables'),(233,'Food'),(233,'Grocery'),(234,'Cooking'),(234,'Grocery'),(235,'Grocery'),(235,'Vegetables'),(236,'Grocery'),(237,'Drink'),(237,'Wine'),(238,'Drink'),(238,'Grocery'),(239,'Grocery'),(239,'House hold'),(240,'Drink'),(240,'Grocery'),(241,'Food'),(242,'Food'),(243,'Food'),(243,'Grocery'),(244,'Chocolate'),(244,'Drink'),(245,'Coffee'),(245,'Drink'),(246,'Cooking'),(246,'Kitchen'),(247,'Grocery'),(247,'Meat'),(248,'Grocery'),(248,'Soup'),(249,'Grocery'),(249,'Vegetables'),(250,'Drink'),(250,'Liqueur'),(251,'Grocery'),(252,'Food'),(252,'Fruit'),(253,'Drink'),(253,'Wine'),(254,'Cooking'),(254,'Grocery'),(255,'Grocery'),(256,'Grocery'),(257,'Bread'),(257,'Food'),(258,'Food'),(258,'Grocery'),(259,'Drink'),(259,'Grocery'),(260,'Food'),(261,'Grocery'),(261,'House hold'),(262,'Coffee'),(262,'Drink'),(263,'Vegetables'),(264,'Drink'),(265,'Drink'),(265,'Tea'),(266,'Grocery'),(266,'House hold'),(267,'Drink'),(267,'Wine'),(268,'Grocery'),(268,'Vegetables'),(269,''),(270,'Grocery'),(270,'Meat'),(271,'Coffee'),(271,'Drink'),(272,'Bread'),(272,'Grocery'),(273,'Grocery'),(274,'Drink'),(275,'Fruit'),(275,'Grocery'),(276,'Cooking'),(276,'Grocery'),(277,'House hold'),(278,'Drink'),(279,'Food'),(279,'Grocery'),(280,'Chocolate'),(280,'Food'),(281,'Grocery'),(281,'Meat'),(282,'Grocery'),(282,'Soup'),(283,'Grocery'),(283,'Vegetables'),(284,''),(285,'Drink'),(285,'Wine'),(286,'Bread'),(286,'Food'),(287,'Food'),(287,'Grocery'),(288,'Cooking'),(288,'Grocery'),(289,'Grocery'),(289,'Meat'),(290,'Cooking'),(290,'Grocery'),(291,'Beer'),(291,'Drink'),(292,'Grocery'),(293,'Food'),(293,'Grocery'),(294,'Grocery'),(294,'Vegetables'),(295,'Drink'),(295,'Wine'),(296,'Cooking'),(296,'Grocery'),(297,'Drink'),(297,'Wine'),(298,'Grocery'),(298,'Meat'),(299,'Cooking'),(299,'Grocery'),(300,'Grocery'),(300,'Meat'),(301,'Food'),(301,'Grocery'),(302,''),(303,'Grocery'),(303,'Meat'),(304,'Food'),(305,'Bread'),(305,'Food'),(306,'House hold'),(307,'Grocery'),(308,'Drink'),(308,'Liqueur'),(309,'Drink'),(310,'Drink'),(310,'Wine'),(311,'Desert'),(311,'Food'),(312,'Drink'),(312,'Wine'),(313,'Grocery'),(313,'Meat'),(314,'House hold'),(315,'Grocery'),(315,'Meat'),(316,'Food'),(316,'Sweets'),(317,''),(318,'Drink'),(318,'Tea'),(319,'Food'),(319,'Grocery'),(320,'Grocery'),(320,'Meat'),(321,'Grocery'),(321,'Meat'),(322,'Grocery'),(323,'Grocery'),(323,'Vegetables'),(324,'Grocery'),(324,'House hold'),(325,'Grocery'),(325,'Meat'),(326,'Drink'),(326,'Tea'),(327,'Bread'),(327,'Grocery'),(328,'Grocery'),(329,'Food'),(329,'Grocery'),(330,'Grocery'),(331,'Grocery'),(332,'Bread'),(332,'Food'),(333,'Food'),(333,'Grocery'),(334,'Can Food'),(334,'Grocery'),(335,'Food'),(335,'Pasta'),(336,'Grocery'),(337,'Drink'),(337,'Liqueur'),(338,'Grocery'),(338,'Meat'),(339,'Fruit'),(339,'Grocery'),(340,'Food'),(340,'Pasta'),(341,'Grocery'),(341,'House hold'),(342,'Food'),(342,'Meat'),(343,'Grocery'),(343,'House hold'),(344,'Food'),(344,'Soup'),(345,'Drink'),(345,'Liqueur'),(346,'Cheese'),(346,'Food'),(347,'Cheese'),(347,'Food'),(348,'Medcine'),(349,'Food'),(350,'Grocery'),(350,'House hold'),(351,'Food'),(352,'Cooking'),(352,'Grocery'),(353,'Grocery'),(353,'House hold'),(354,'Drink'),(355,'Drink'),(355,'Liqueur'),(356,'Bread'),(356,'Food'),(357,'Grocery'),(357,'Kitchen'),(358,'Grocery'),(358,'Meat'),(359,'Cheese'),(359,'Food'),(360,'Drink'),(360,'Tea'),(361,'Grocery'),(361,'Meat'),(362,'House hold'),(363,'Grocery'),(363,'Vegetables'),(364,'House hold'),(365,'Grocery'),(365,'Meat'),(366,'Cheese'),(366,'Food'),(367,'Cooking'),(367,'Grocery'),(368,'Grocery'),(368,'Meat'),(369,'House hold'),(370,'Bread'),(370,'Food'),(371,'Food'),(371,'Fruit'),(371,'Grocery'),(372,'Food'),(372,'Soup'),(373,'Drink'),(373,'Wine'),(374,'Grocery'),(374,'Herb'),(375,'Grocery'),(375,'Vegetables'),(376,'Fruit'),(376,'Grocery'),(377,'Grocery'),(377,'Meat'),(378,'Grocery'),(378,'Vegetables'),(379,'Food'),(379,'Meat'),(380,'Cooking'),(381,'Grocery'),(381,'Vegetables'),(382,'Drink'),(382,'Wine'),(383,'Fruit'),(383,'Grocery'),(384,'Grocery'),(384,'Vegetables'),(385,'Sauce'),(386,'Grocery'),(386,'Meat'),(387,'Can Food'),(387,'Grocery'),(388,'Grocery'),(388,'Vegetables'),(389,'Can Food'),(389,'Grocery'),(390,'Food'),(391,'Cooking'),(392,'Grocery'),(392,'Meat'),(393,'Drink'),(393,'Energy Drink'),(394,'Meat'),(395,'Clothes'),(396,'Grocery'),(396,'Meat'),(397,'Drink'),(398,'Kitchen'),(398,'Sauce'),(399,'House hold'),(400,'Drink'),(400,'Liqueur');
/*!40000 ALTER TABLE `kategoribarang` ENABLE KEYS */;
UNLOCK TABLES;

--
-- Table structure for table `kodepos`
--

DROP TABLE IF EXISTS `kodepos`;
/*!40101 SET @saved_cs_client     = @@character_set_client */;
/*!40101 SET character_set_client = utf8 */;
CREATE TABLE `kodepos` (
  `KodePos` varchar(8) NOT NULL,
  `Kota_Kab` varchar(50) DEFAULT NULL,
  `Kecamatan` varchar(30) DEFAULT NULL,
  PRIMARY KEY (`KodePos`)
) ENGINE=InnoDB DEFAULT CHARSET=latin1;
/*!40101 SET character_set_client = @saved_cs_client */;

--
-- Dumping data for table `kodepos`
--

LOCK TABLES `kodepos` WRITE;
/*!40000 ALTER TABLE `kodepos` DISABLE KEYS */;
INSERT INTO `kodepos` (`KodePos`, `Kota_Kab`, `Kecamatan`) VALUES ('10069',' Kota Sibolga',' Sibolga Kota'),('10284',' Takalar',' Kec. Pattallassang'),('10667',' Kota Sorong',' Sorong Barat'),('11412',' Kabupaten Sumenep',' Ganding'),('11785',' Kota Semarang',' Kec. Tembalang'),('12955',' Kota Sorong',' Kec. Sorong'),('13827',' Kabupaten Muara Enim',' Gn. Megang'),('14034',' Kabupaten Jember',' Kec. Sukorambi'),('14643',' Banggai ',' Banggai Laut'),('15024',' Kota Jkt Utara',' Kec. Pademangan'),('15256',' Kota Yogyakarta',' Wirobrajan'),('15290',' Kabupaten Tapanuli Utara',' Sipoholon'),('17215',' Kota Sibolga',' Sibolga Kota'),('17497',' Kabupaten Jember',' Gumuk MAS'),('17533',' Banggai Laut',' Labobo'),('18113',' Kota Yogyakarta',' Wirobrajan'),('18223',' Kabupaten Sleman',' Kec. Gamping'),('18524',' Kabupaten Kuningan',' Garawangi'),('18592',' Kota Sibolga',' Sibolga Kota'),('18860',' Kabupaten Sumedang',' Wado'),('19035',' Kabupaten Kuningan',' Garawangi'),('19721',' Kupang',' Fatuleu'),('20629',' Kota Sibolga',' Sibolga Kota'),('20742',' Kabupaten Jember',' Kec. Sukorambi'),('21609',' Kota Sibolga',' Sibolga Kota'),('22009',' Kabupaten Kuningan',' Garawangi'),('22038',' Kota Padang',' Kec. Padang Utara'),('22073',' Kupang',' Fatuleu'),('22633',' Kota Kupang',' Kec. Kota Lama'),('22879',' Kota Bekasi',' Kec. Bekasi Utara'),('23417',' Kota Jkt Utara',' Kec. Pademangan'),('23999',' Kabupaten Jember',' Kec. Sukorambi'),('24153',' Kota Kupang',' Kec. Kota Lama'),('25211',' Kabupaten Banggai',' Toili Bar.'),('26839',' Kota Jkt Utara',' Kec. Pademangan'),('26933',' Jakarta',' Roosseno'),('27698',' Kabupaten Banggai Kepulauan',' Bulagi Sel.'),('28410',' Kabupaten Jember',' Gumuk MAS'),('29602',' Palmerah',' Jati Pulo'),('29623',' Kabupaten Indragiri Hilir',' Tembilahan'),('30590',' Kabupaten Kuningan',' Darma'),('30639',' Kabupaten Bungo',' Kabupaten Bungo'),('30678',' Kota Jakarta Selatan',' Kec. Tebet'),('31567',' Kabupaten Indragiri Hilir',' Tembilahan'),('32722',' Kota Jkt Utara',' Kec. Pademangan'),('32981',' Lemang Banjarmasin',' Lemang Barat'),('33127',' Kota Bekasi',' Kecamatan Medan Satria'),('33195',' Kabupaten Sumba Barat',' Loli'),('33258',' Kabupaten Luwu Timur',' Kec. Mangkutana'),('33284',' Kota Yogyakarta',' Wirobrajan'),('33514',' Kota Jakarta Selatan',' Kec. Tebet'),('33558',' Jakarta Barat',' Kebon Jeruk'),('33748',' Kabupaten Jember',' Gumuk MAS'),('33871',' Kota Sorong',' Sorong Barat'),('34019',' Kabupaten Banyu Asin',' Kec. Talang Klp.'),('34123',' Surabaya',' Gubeng'),('34260',' Kota Sorong',' Kec. Sorong'),('34456',' Banggai Laut',' Bangkurung'),('34678',' Kota Bks',' Kec. Bekasi Utara'),('34952',' Kabupaten Karawang',' Kec. Karawang Bar.'),('35152',' Kabupaten Tapanuli Utara',' Sipoholon'),('35174',' Kediri',' Kec. Kota Kediri'),('35222',' Kabupaten Kuningan',' Darma'),('35858',' Kabupaten Banggai Kepulauan',' Totikum Sel.'),('36527',' Kota Medan',' Kec. Medan Perjuangan'),('36645',' Kabupaten Mukomuko',' Kota Mukomuko'),('36786',' Kota Jkt Utara',' Kec. Pademangan'),('37026',' Kabupaten Gayo Lues',' Pantan Cuaca'),('37196',' Banggai ',' Banggai Laut'),('37338',' Kabupaten Sleman',' Kec. Gamping'),('38584',' Kota Padang',' Kec. Padang Utara'),('39002',' Kota Yogyakarta',' Wirobrajan'),('39261',' Kabupaten Sumenep',' Ganding'),('39349',' Kota Sorong',' Kec. Sorong'),('39401',' Kabupaten Kuningan',' Garawangi'),('39748',' Kabupaten Banyu Asin',' Kec. Talang Klp.'),('39813',' Banggai Laut',' Bangkurung'),('39895',' Kota Sorong',' Kec. Sorong'),('39963',' Kabupaten Karawang',' Kec. Karawang Bar.'),('40131',' Kota Bandung','Kecamatan Coblong'),('40444',' Takalar',' Kec. Pattallassang'),('41438',' Kota Medan',' Kec. Medan Perjuangan'),('41597',' Kota Sorong',' Kec. Sorong'),('42301',' Surabaya',' Gubeng'),('42435',' Palmerah',' Jati Pulo'),('42476',' Palmerah',' Jati Pulo'),('43156',' Maulafa',' Penfui'),('43203',' Kabupaten Sleman',' Kec. Gamping'),('44158',' Maulafa',' Penfui'),('44310',' Kabupaten Sumbawa Barat',' Jereweh'),('45008',' Palmerah',' Jati Pulo'),('45739',' Bekasi',' Kec. Cibitung'),('46231',' Kabupaten Kuningan',' Garawangi'),('46672',' Surabaya',' Gubeng'),('46837',' Kota Semarang',' Kec. Ngaliyan'),('47226',' Kabupaten Indragiri Hilir',' Tembilahan'),('47501',' Kabupaten Jember',' Kec. Sukorambi'),('48837',' Kabupaten Jember',' Gumuk MAS'),('49414',' Kabupaten Bungo',' Kabupaten Boni'),('49440',' Kota Sibolga',' Sibolga Kota'),('49737',' Kabupaten Mukomuko',' Kota Mukomuko'),('50978',' Maulafa',' Penfui'),('51038',' Kota Medan',' Kec. Medan Perjuangan'),('51077',' Kota Sorong',' Sorong Barat'),('51781',' Surabaya',' kec Bubutan'),('51922',' Kota Kupang',' Kec. Kota Lama'),('52168',' Kota Semarang',' Kec. Tembalang'),('53986',' Lemang Banjarmasin',' Lemang Barat'),('54014',' Kabupaten Kuningan',' Garawangi'),('54068',' Jakarta Barat',' Kebon Jeruk'),('54084',' Kota Sibolga',' Sibolga Kota'),('54594',' Jakarta Barat',' Kebon Jeruk'),('56327',' Kota Semarang',' Kec. Tembalang'),('56987',' Kota Jakarta Selatan',' Kec. Tebet'),('57501',' Bekasi',' Kec. Cibitung'),('57503',' Kabupaten Jember',' Gumuk MAS'),('57804',' Banggai Laut','Lemahabang'),('58073',' Kabupaten Kuningan',' Garawangi'),('58325',' Kabupaten Luwu Timur',' Kec. Mangkutana'),('58498',' Kota Jakarta Selatan',' Kec. Tebet'),('58828',' Kabupaten Karawang',' Kec. Karawang Bar.'),('58921',' Kabupaten Banggai',' Toili Bar.'),('58953',' Kabupaten Banggai Kepulauan',' Bulagi Sel.'),('59367',' Kabupaten Banyu Asin',' Kec. Talang Klp.'),('60276',' Kota Jakarta Selatan',' Kec. Tebet'),('60320',' Kabupaten Tapanuli Utara',' Sipoholon'),('62217',' Kota Jkt Utara',' Kec. Pademangan'),('62414',' Kabupaten Tapanuli Utara',' Sipoholon'),('63040',' Kota Sorong',' Kec. Sorong'),('63522',' Kota Semarang',' Kec. Ngaliyan'),('64152',' Kota Padang',' Kec. Padang Utara'),('64696',' Kabupaten Sumenep',' Ganding'),('65207',' Kupang',' Fatuleu'),('65813',' Kabupaten Kuningan',' Garawangi'),('66486',' Surabaya',' Gubeng'),('66845',' Kota Medan',' Kec. Medan Perjuangan'),('66944',' Kabupaten Kuningan',' Darma'),('67607',' Kota Sorong',' Kec. Sorong'),('67717',' Kabupaten Indragiri Hilir',' Tembilahan'),('68183',' Kabupaten Karawang',' Kec. Karawang Bar.'),('69054',' Banggai Laut','Lemahabang'),('70607',' Kabupaten Banggai Kepulauan',' Totikum Sel.'),('70782',' Kota Sorong',' Kec. Sorong'),('71768',' Kota Sibolga',' Sibolga Kota'),('72146',' Surabaya',' kec Bubutan'),('72432',' Kota Padang',' Kec. Padang Utara'),('72544',' Banggai Laut',' Labobo'),('73030',' Kabupaten Kuningan',' Garawangi'),('73466',' Kota Padang',' Kec. Padang Utara'),('73850',' Kota Bks',' Kec. Bekasi Utara'),('73854',' Kabupaten Jember',' Kec. Sukorambi'),('73940',' Kabupaten Jember',' Gumuk MAS'),('74102',' Kabupaten Luwu Timur',' Kec. Mangkutana'),('74220',' Surabaya',' kec Bubutan'),('74935',' Lemang Banjarmasin',' Lemang Barat'),('75803',' Kota Sorong',' Kec. Sorong'),('76477',' Takalar',' Kec. Pattallassang'),('77056',' Kabupaten Kuningan',' Darma'),('77209',' Kota Medan',' Kec. Medan Perjuangan'),('77475',' Kabupaten Sumedang',' Wado'),('77498',' Banggai ',' Banggai Laut'),('77639',' Kabupaten Sumba Barat',' Loli'),('77790',' Kota Jkt Utara',' Kec. Pademangan'),('78091',' Kota Bks',' Kec. Bekasi Utara'),('79156',' Jakarta Barat',' Kebon Jeruk'),('79349',' Kabupaten Tapanuli Utara',' Sipoholon'),('79912',' Kabupaten Sleman',' Kec. Gamping'),('79955',' Kabupaten Sumbawa Barat',' Jereweh'),('81623',' Surabaya',' Gubeng'),('81742',' Takalar',' Kec. Pattallassang'),('83057',' Kota Medan',' Kec. Medan Perjuangan'),('83397',' Banggai Laut',' Bangkurung'),('83488',' Kota Jkt Utara',' Kec. Pademangan'),('83526',' Kabupaten Jember',' Kec. Sukorambi'),('84349',' Kabupaten Sleman',' Kec. Gamping'),('84491',' Kabupaten Kuningan',' Darma'),('86319',' Kota Medan',' Kec. Medan Perjuangan'),('86337',' Surabaya',' kec Bubutan'),('87010',' Bekasi',' Kec. Cibitung'),('87151',' Banggai Laut',' Bangkurung'),('87436',' Kabupaten Banyu Asin',' Kec. Talang Klp.'),('87687',' Kabupaten Sleman',' Kec. Gamping'),('87712',' Kabupaten Muara Enim',' Gn. Megang'),('89316',' Kota Sibolga',' Sibolga Kota'),('89574',' Kota Medan',' Kec. Medan Perjuangan'),('91021',' Jakarta',' Roosseno'),('91028',' Kabupaten Jember',' Kec. Sukorambi'),('91491',' Kabupaten Karawang',' Kec. Karawang Bar.'),('93285',' Kediri',' Kec. Kota Kediri'),('93352',' Jakarta Barat',' Kebon Jeruk'),('93550',' Kota Sibolga',' Sibolga Kota'),('93591',' Jakarta',' Marabi'),('93863',' Kabupaten Kuningan',' Garawangi'),('93974',' Kota Sorong',' Sorong Barat'),('94228',' Kota Jakarta Selatan',' Kec. Tebet'),('94755',' Kota Kupang',' Kec. Kota Lama'),('94821',' Jakarta Barat',' Kebon Jeruk'),('94885',' Kabupaten Banggai Kepulauan',' Bulagi Sel.'),('95235',' Jakarta',' Marabi'),('96517',' Lemang Banjarmasin',' Lemang Barat'),('96675',' Maulafa',' Penfui'),('96827',' Palmerah',' Jati Pulo'),('96898',' Bekasi','Kecamatan Medan Satria'),('97325',' Bekasi',' Kec. Cibitung'),('98224',' Kota Palembang',' Kec. Sukarami'),('98956',' Kabupaten Luwu Timur',' Kec. Mangkutana'),('99533',' Bekasi','Lemahabang'),('99761',' Kabupaten Sumenep',' Ganding'),('99996',' Kabupaten Banggai',' Toili Bar.');
/*!40000 ALTER TABLE `kodepos` ENABLE KEYS */;
UNLOCK TABLES;

--
-- Table structure for table `pembeli`
--

DROP TABLE IF EXISTS `pembeli`;
/*!40101 SET @saved_cs_client     = @@character_set_client */;
/*!40101 SET character_set_client = utf8 */;
CREATE TABLE `pembeli` (
  `IDakun` int(10) NOT NULL,
  `JenisKelamin` varchar(10) DEFAULT NULL,
  `TanggalLahir` date DEFAULT NULL,
  `Membership` varchar(20) NOT NULL DEFAULT 'Silver',
  KEY `IDakun` (`IDakun`),
  CONSTRAINT `pembeli_ibfk_1` FOREIGN KEY (`IDakun`) REFERENCES `akun` (`IDakun`) ON DELETE CASCADE ON UPDATE CASCADE
) ENGINE=InnoDB DEFAULT CHARSET=latin1;
/*!40101 SET character_set_client = @saved_cs_client */;

--
-- Dumping data for table `pembeli`
--

LOCK TABLES `pembeli` WRITE;
/*!40000 ALTER TABLE `pembeli` DISABLE KEYS */;
INSERT INTO `pembeli` (`IDakun`, `JenisKelamin`, `TanggalLahir`, `Membership`) VALUES (1,'Male','1979-02-24','Gold'),(2,'Female','1985-04-05','Silver'),(3,'Male','1951-02-17','Gold'),(4,'Male','1970-02-03','Gold'),(5,'Male','1993-08-30','Diamond'),(6,'Female','1966-06-03','Silver'),(7,'Female','1961-08-28','Gold'),(8,'Male','1967-06-02','Platinum'),(9,'Female','2005-10-27','Silver'),(10,'Male','1989-03-16','Gold'),(11,'Male','1971-01-18','Silver'),(12,'Male','2008-02-08','Silver'),(13,'Male','1964-02-04','Platinum'),(14,'Female','2000-03-28','Platinum'),(15,'Male','1996-07-30','Gold'),(16,'Male','1963-12-23','Diamond'),(17,'Male','2007-08-26','Diamond'),(18,'Female','1994-06-10','Diamond'),(19,'Male','1996-10-30','Silver'),(20,'Male','1977-07-20','Gold'),(21,'Female','1954-03-01','Platinum'),(22,'Male','1991-06-24','Gold'),(23,'Female','1987-06-19','Gold'),(24,'Male','1983-07-05','Platinum'),(25,'Female','1963-09-29','Platinum'),(26,'Female','1997-10-15','Gold'),(27,'Female','1983-02-05','Diamond'),(28,'Male','1958-08-24','Gold'),(29,'Female','1957-01-04','Gold'),(30,'Female','1980-06-19','Platinum'),(31,'Female','1999-01-29','Gold'),(32,'Female','1964-02-23','Diamond'),(33,'Female','1967-02-14','Silver'),(34,'Male','1996-06-29','Silver'),(35,'Female','1954-04-10','Silver'),(36,'Male','1977-07-07','Silver'),(37,'Female','1991-01-13','Silver'),(38,'Female','1985-12-17','Diamond'),(39,'Female','1958-08-11','Silver'),(40,'Male','1980-11-08','Silver'),(41,'Male','1984-07-03','Silver'),(42,'Male','1968-06-22','Silver'),(43,'Male','1961-04-03','Gold'),(44,'Male','2007-09-27','Silver'),(45,'Male','1961-12-30','Silver'),(46,'Female','1962-07-21','Diamond'),(47,'Female','1985-08-11','Silver'),(48,'Female','1965-03-27','Silver'),(49,'Female','1982-01-09','Platinum'),(50,'Female','1969-12-31','Silver'),(51,'Female','1997-11-27','Silver'),(52,'Female','1998-02-01','Diamond'),(53,'Male','2005-12-27','Silver'),(54,'Female','1980-09-06','Diamond'),(55,'Male','1968-01-25','Silver'),(56,'Male','1959-05-25','Diamond'),(57,'Female','1966-03-15','Platinum'),(58,'Male','1997-05-09','Gold'),(59,'Male','1951-08-28','Silver'),(60,'Female','1980-02-29','Platinum'),(61,'Female','2001-02-18','Diamond'),(62,'Male','1996-04-14','Silver'),(63,'Male','2001-01-12','Silver'),(64,'Female','1975-02-03','Gold'),(65,'Male','2001-06-29','Silver'),(66,'Female','1991-10-11','Platinum'),(67,'Male','1975-08-02','Silver'),(68,'Female','1953-10-23','Silver'),(69,'Female','1980-01-14','Gold'),(70,'Male','1977-06-08','Diamond'),(71,'Female','1953-05-06','Gold'),(72,'Male','1956-01-28','Silver'),(73,'Male','1962-07-16','Gold'),(74,'Male','1955-02-14','Silver'),(75,'Female','1975-07-10','Gold'),(76,'Female','1960-11-18','Silver'),(77,'Female','2001-11-14','Gold'),(78,'Female','1991-08-01','Gold'),(79,'Female','1996-05-30','Platinum'),(80,'Male','1999-11-28','Silver'),(81,'Female','1964-11-20','Platinum'),(82,'Female','1998-09-07','Platinum'),(83,'Female','1975-12-29','Diamond'),(84,'Male','2007-10-01','Silver'),(85,'Male','1955-07-16','Gold'),(86,'Female','1973-03-16','Gold'),(87,'Female','1961-04-16','Silver'),(88,'Male','1971-09-07','Platinum'),(89,'Male','1995-05-03','Diamond'),(90,'Female','1962-08-25','Diamond'),(91,'Female','1960-04-28','Gold'),(92,'Female','2007-01-15','Gold'),(93,'Female','1974-04-09','Diamond'),(94,'Female','1979-08-15','Platinum'),(95,'Male','1972-06-09','Silver'),(96,'Male','1982-09-09','Silver'),(97,'Female','1984-11-06','Diamond'),(98,'Female','1955-09-26','Silver'),(99,'Male','1964-12-26','Silver'),(100,'Female','1997-08-09','Silver'),(101,'Male','1968-10-13','Silver'),(102,'Male','1959-03-04','Gold'),(103,'Male','1957-04-13','Gold'),(104,'Male','1961-04-24','Gold'),(105,'Female','2007-03-14','Platinum'),(106,'Male','1988-07-02','Gold'),(107,'Female','1980-12-27','Gold'),(108,'Male','1954-09-11','Silver'),(109,'Female','2000-04-07','Silver'),(110,'Male','1970-10-06','Silver'),(111,'Male','2002-01-15','Gold'),(112,'Female','1979-06-23','Silver'),(113,'Male','1970-07-08','Gold'),(114,'Male','1952-08-16','Platinum'),(115,'Male','1975-12-25','Silver'),(116,'Female','1977-08-07','Silver'),(117,'Female','2006-07-13','Silver'),(118,'Male','1955-07-24','Diamond'),(119,'Male','2008-02-11','Platinum'),(120,'Male','1976-02-23','Gold'),(121,'Female','1966-12-14','Gold'),(122,'Male','1994-04-15','Silver'),(123,'Female','1996-04-04','Silver'),(124,'Female','2004-12-01','Diamond'),(125,'Female','1971-12-08','Silver'),(126,'Male','1960-06-30','Silver'),(127,'Male','2004-12-21','Gold'),(128,'Female','1956-11-16','Silver'),(129,'Male','1959-04-04','Diamond'),(130,'Female','1968-10-22','Platinum'),(131,'Female','1992-09-06','Silver'),(132,'Female','2004-03-18','Gold'),(133,'Female','1964-12-16','Gold'),(134,'Male','1969-05-09','Gold'),(135,'Female','1978-04-10','Diamond'),(136,'Male','2001-07-06','Gold'),(137,'Male','1960-06-14','Diamond'),(138,'Male','1966-12-11','Silver'),(139,'Male','1978-04-03','Gold'),(140,'Female','1964-10-01','Platinum'),(141,'Male','1995-07-15','Platinum'),(142,'Female','1981-07-21','Diamond'),(143,'Male','2008-12-16','Platinum'),(144,'Female','1970-04-28','Diamond'),(145,'Female','1997-04-12','Silver'),(146,'Female','1974-06-18','Silver'),(147,'Male','2006-11-24','Diamond'),(148,'Male','1985-02-27','Platinum'),(149,'Female','1957-05-04','Diamond'),(150,'Male','1979-06-04','Silver'),(151,'Male','1985-10-28','Silver'),(152,'Female','1967-04-09','Silver'),(153,'Male','2005-05-29','Platinum'),(154,'Female','1986-07-23','Silver'),(155,'Female','1982-11-25','Gold'),(156,'Female','1982-01-11','Platinum'),(157,'Female','2008-08-26','Diamond'),(158,'Female','2002-03-02','Platinum'),(159,'Male','1977-11-27','Silver'),(160,'Female','1963-02-02','Silver'),(161,'Male','1970-12-19','Silver'),(162,'Female','1977-03-12','Silver'),(163,'Male','1958-10-28','Diamond'),(164,'Female','1990-08-04','Platinum'),(165,'Female','1987-03-23','Gold'),(166,'Male','1963-04-21','Diamond'),(167,'Female','1993-12-11','Diamond'),(168,'Male','1981-07-23','Diamond'),(169,'Male','1958-08-16','Silver'),(170,'Male','1956-07-17','Silver'),(171,'Female','2005-11-12','Silver'),(172,'Male','1986-09-28','Gold'),(173,'Female','1966-01-11','Silver'),(174,'Male','1959-09-24','Gold'),(175,'Female','2003-04-27','Silver'),(176,'Female','1955-12-24','Diamond'),(177,'Male','2001-05-14','Silver'),(178,'Male','1984-08-18','Silver'),(179,'Female','1983-10-06','Diamond'),(180,'Female','1997-10-18','Silver'),(181,'Male','1999-12-31','Silver'),(182,'Male','1952-12-21','Platinum'),(183,'Female','1967-06-10','Silver'),(184,'Male','1986-01-17','Silver'),(185,'Female','1983-05-29','Gold'),(186,'Male','1981-03-27','Gold'),(187,'Female','1985-07-15','Silver'),(188,'Female','1991-06-28','Gold'),(189,'Male','1958-04-15','Silver'),(190,'Male','1963-01-14','Silver'),(191,'Male','2003-02-01','Gold'),(192,'Female','1960-01-29','Gold'),(193,'Female','1980-03-26','Gold'),(194,'Female','2002-06-05','Silver'),(195,'Female','1978-06-30','Silver'),(196,'Female','2005-06-27','Diamond'),(197,'Female','2003-06-19','Diamond'),(198,'Male','1956-02-01','Gold'),(199,'Male','1986-10-05','Gold'),(200,'Male','1998-12-19','Silver'),(201,'Female','1959-02-21','Diamond'),(202,'Female','2004-02-06','Diamond'),(203,'Female','1977-02-17','Silver'),(204,'Female','1980-07-16','Platinum'),(205,'Female','1954-06-29','Silver'),(206,'Male','1952-02-17','Diamond'),(207,'Female','1991-11-06','Platinum'),(208,'Female','1992-10-14','Silver'),(209,'Male','2008-09-21','Gold'),(210,'Male','1999-02-18','Platinum'),(211,'Male','1979-05-07','Gold'),(212,'Male','1978-01-02','Silver'),(213,'Female','1976-04-14','Silver'),(214,'Female','1978-05-25','Diamond'),(215,'Female','1992-07-14','Gold'),(216,'Female','1951-02-02','Diamond'),(217,'Male','1971-11-24','Platinum'),(218,'Male','1979-09-30','Gold'),(219,'Female','1999-07-02','Diamond'),(220,'Female','1984-02-09','Gold'),(221,'Male','1975-12-04','Platinum'),(222,'Male','1971-09-02','Silver'),(223,'Male','1975-05-24','Gold'),(224,'Male','1970-06-11','Platinum'),(225,'Male','1966-02-04','Platinum'),(226,'Male','1983-05-17','Platinum'),(227,'Male','1972-03-22','Platinum'),(228,'Male','2006-05-10','Platinum'),(229,'Male','1974-10-22','Platinum'),(230,'Male','1952-01-22','Platinum'),(231,'Female','1957-08-15','Diamond'),(232,'Female','1977-03-30','Diamond'),(233,'Male','1959-05-16','Platinum'),(234,'Female','2008-08-22','Silver'),(235,'Female','1985-12-04','Silver'),(236,'Female','1995-12-12','Silver'),(237,'Female','1974-08-04','Silver'),(238,'Female','1962-10-22','Platinum'),(239,'Male','1951-03-04','Diamond'),(240,'Female','1970-01-14','Silver'),(241,'Female','1986-04-13','Diamond'),(242,'Male','1985-02-21','Silver'),(243,'Male','1953-01-05','Gold'),(244,'Male','1959-01-26','Silver'),(245,'Female','1981-07-16','Silver'),(246,'Female','1954-02-19','Silver'),(247,'Female','1954-06-07','Diamond'),(248,'Male','1992-12-03','Gold'),(249,'Female','1966-09-15','Silver'),(250,'Female','1998-12-18','Gold'),(251,'Male','2006-01-15','Silver'),(252,'Male','2005-01-25','Silver'),(253,'Female','1981-04-29','Silver'),(254,'Male','1957-07-23','Silver'),(255,'Male','1993-05-03','Silver'),(256,'Female','1954-12-02','Silver'),(257,'Female','1981-11-03','Platinum'),(258,'Male','1963-10-24','Platinum'),(259,'Male','1999-11-23','Diamond'),(260,'Female','2001-12-19','Silver'),(261,'Male','1972-10-23','Diamond'),(262,'Female','1986-10-03','Silver'),(263,'Male','2006-09-12','Silver'),(264,'Female','1970-08-27','Diamond'),(265,'Male','1955-02-13','Silver'),(266,'Female','1992-09-17','Platinum'),(267,'Female','1963-09-27','Silver'),(268,'Male','1989-10-14','Diamond'),(269,'Female','1961-03-06','Silver'),(270,'Female','2003-03-14','Silver'),(271,'Female','2002-08-19','Diamond'),(272,'Female','1974-11-05','Gold'),(273,'Female','1974-01-26','Silver'),(274,'Male','1962-07-29','Silver'),(275,'Female','1960-03-24','Diamond'),(276,'Female','1954-01-04','Silver'),(277,'Male','1971-03-24','Silver'),(278,'Male','2000-08-12','Silver'),(279,'Female','1990-11-20','Diamond'),(280,'Male','1968-03-29','Gold'),(281,'Male','1980-07-11','Silver'),(282,'Female','1964-03-14','Diamond'),(283,'Male','1991-06-02','Silver'),(284,'Male','1966-08-23','Silver'),(285,'Female','1993-05-31','Platinum'),(286,'Male','1971-09-02','Diamond'),(287,'Male','2003-11-08','Platinum'),(288,'Female','2001-03-01','Gold'),(289,'Male','1978-08-25','Platinum'),(290,'Male','1967-04-08','Platinum'),(291,'Male','1961-05-28','Platinum'),(292,'Female','1997-04-24','Silver'),(293,'Female','1951-01-19','Gold'),(294,'Male','1971-06-11','Silver'),(295,'Female','2000-02-09','Platinum'),(296,'Male','1965-08-11','Silver'),(297,'Male','1953-08-28','Silver'),(298,'Female','2004-07-27','Gold'),(299,'Female','1989-11-14','Gold'),(300,'Female','1966-10-15','Platinum');
/*!40000 ALTER TABLE `pembeli` ENABLE KEYS */;
UNLOCK TABLES;

--
-- Table structure for table `pembelian`
--

DROP TABLE IF EXISTS `pembelian`;
/*!40101 SET @saved_cs_client     = @@character_set_client */;
/*!40101 SET character_set_client = utf8 */;
CREATE TABLE `pembelian` (
  `IDpembeli` int(10) DEFAULT NULL,
  `NoVoucher` varchar(15) DEFAULT NULL,
  `NoTransaksi` int(10) DEFAULT NULL,
  KEY `IDpembeli` (`IDpembeli`),
  KEY `NoVoucher` (`NoVoucher`),
  KEY `NoTransaksi` (`NoTransaksi`),
  CONSTRAINT `pembelian_ibfk_1` FOREIGN KEY (`IDpembeli`) REFERENCES `pembeli` (`IDakun`) ON DELETE CASCADE ON UPDATE CASCADE,
  CONSTRAINT `pembelian_ibfk_2` FOREIGN KEY (`NoVoucher`) REFERENCES `voucher` (`NoVoucher`) ON DELETE CASCADE ON UPDATE CASCADE,
  CONSTRAINT `pembelian_ibfk_3` FOREIGN KEY (`NoTransaksi`) REFERENCES `transaksi` (`NoTransaksi`) ON DELETE CASCADE ON UPDATE CASCADE
) ENGINE=InnoDB DEFAULT CHARSET=latin1;
/*!40101 SET character_set_client = @saved_cs_client */;

--
-- Dumping data for table `pembelian`
--

LOCK TABLES `pembelian` WRITE;
/*!40000 ALTER TABLE `pembelian` DISABLE KEYS */;
INSERT INTO `pembelian` (`IDpembeli`, `NoVoucher`, `NoTransaksi`) VALUES (23,'25',1),(44,'165',2),(84,'289',3),(67,'266',4),(95,'139',5),(75,'18',6),(32,'229',7),(38,'251',8),(75,'167',9),(18,'138',10),(57,'57',11),(44,'282',12),(83,'128',13),(22,'195',14),(68,'121',15),(56,'186',16),(43,'65',17),(18,'180',18),(94,'33',19),(50,'76',20),(38,'96',21),(70,'175',22),(60,'59',23),(85,'204',24),(12,'143',25),(7,'208',26),(48,'281',27),(5,'273',28),(13,'52',29),(64,'50',30),(6,'154',31),(23,'44',32),(86,'240',33),(83,'62',34),(88,'133',35),(63,'219',36),(88,'187',37),(3,'286',38),(67,'217',39),(50,'103',40),(96,'80',41),(51,'8',42),(6,'102',43),(39,'40',44),(29,'262',45),(21,'144',46),(13,'63',47),(65,'275',48),(86,'163',49),(71,'166',50),(2,'265',51),(24,'16',52),(78,'54',53),(25,'70',54),(62,'268',55),(72,'259',56),(66,'129',57),(30,'188',58),(49,'87',59),(55,'56',60),(34,'226',61),(63,'295',62),(86,'14',63),(46,'202',64),(2,'32',65),(93,'113',66),(81,'290',67),(9,'64',68),(34,'6',69),(27,'43',70),(20,'3',71),(86,'35',72),(76,'152',73),(94,'21',74),(25,'24',75),(58,'200',76),(17,'181',77),(71,'78',78),(8,'260',79),(98,'145',80),(23,'252',81),(93,'215',82),(74,'206',83),(37,'34',84),(46,'19',85),(15,'131',86),(70,'13',87),(48,'159',88),(73,'279',89),(89,'105',90),(1,'95',91),(31,'118',92),(9,'37',93),(70,'245',94),(14,'256',95),(85,'189',96),(16,'136',97),(74,'81',98),(69,'255',99),(44,'293',100),(25,'58',101),(38,'101',102),(64,'271',103),(11,'235',104),(81,'285',105),(47,'23',106),(61,'157',107),(10,'47',108),(42,'242',109),(50,'173',110),(81,'91',111),(34,'183',112),(57,'20',113),(79,'110',114),(2,'254',115),(87,'31',116),(68,'124',117),(94,'60',118),(93,'10',119),(8,'82',120),(34,'22',121),(65,'84',122),(67,'156',123),(29,'15',124),(46,'90',125),(61,'253',126),(21,'237',127),(50,'230',128),(52,'221',129),(50,'250',130),(81,'49',131),(76,'205',132),(5,'224',133),(92,'162',134),(34,'227',135),(54,'41',136),(4,'170',137),(75,'26',138),(43,'169',139),(48,'99',140),(40,'300',141),(6,'258',142),(91,'106',143),(30,'127',144),(4,'174',145),(10,'287',146),(81,'244',147),(86,'39',148),(62,'196',149),(71,'42',150),(83,'28',151),(4,'150',152),(50,'288',153),(23,'233',154),(1,'298',155),(9,'261',156),(65,'12',157),(80,'79',158),(2,'299',159),(53,'184',160),(15,'277',161),(39,'120',162),(67,'246',163),(25,'161',164),(74,'274',165),(72,'132',166),(29,'89',167),(87,'249',168),(16,'123',169),(35,'177',170),(76,'135',171),(50,'178',172),(17,'53',173),(51,'283',174),(62,'108',175),(54,'218',176),(54,'216',177),(93,'61',178),(64,'72',179),(56,'149',180),(96,'211',181),(38,'11',182),(85,'125',183),(19,'107',184),(62,'75',185),(94,'9',186),(31,'112',187),(16,'137',188),(29,'69',189),(13,'257',190),(36,'68',191),(34,'130',192),(66,'264',193),(64,'142',194),(15,'168',195),(25,'172',196),(12,'114',197),(60,'115',198),(70,'164',199),(35,'51',200),(69,'248',201),(11,'191',202),(42,'160',203),(83,'94',204),(97,'48',205),(14,'1',206),(67,'199',207),(33,'231',208),(14,'243',209),(13,'296',210),(34,'92',211),(53,'148',212),(10,'30',213),(66,'111',214),(28,'236',215),(14,'71',216),(38,'222',217),(67,'141',218),(47,'209',219),(87,'17',220),(18,'116',221),(97,'207',222),(7,'2',223),(29,'147',224),(97,'193',225),(29,'73',226),(76,'66',227),(32,'122',228),(96,'190',229),(44,'158',230),(34,'198',231),(70,'134',232),(53,'212',233),(46,'234',234),(96,'151',235),(73,'210',236),(84,'270',237),(34,'104',238),(3,'29',239),(6,'109',240),(72,'126',241),(22,'284',242),(88,'88',243),(61,'153',244),(2,'276',245),(30,'179',246),(83,'67',247),(42,'197',248),(12,'46',249),(45,'269',250),(NULL,'291',NULL),(NULL,'220',NULL),(NULL,'7',NULL),(NULL,'232',NULL),(NULL,'36',NULL),(NULL,'176',NULL),(NULL,'85',NULL),(NULL,'38',NULL),(NULL,'294',NULL),(NULL,'228',NULL),(NULL,'267',NULL),(NULL,'98',NULL),(NULL,'27',NULL),(NULL,'171',NULL),(NULL,'225',NULL),(NULL,'97',NULL),(NULL,'45',NULL),(NULL,'55',NULL),(NULL,'297',NULL),(NULL,'83',NULL),(NULL,'86',NULL),(NULL,'201',NULL),(NULL,'74',NULL),(NULL,'239',NULL),(NULL,'241',NULL),(NULL,'192',NULL),(NULL,'223',NULL),(NULL,'93',NULL),(NULL,'146',NULL),(NULL,'140',NULL),(NULL,'119',NULL),(NULL,'4',NULL),(NULL,'100',NULL),(NULL,'77',NULL),(NULL,'272',NULL),(NULL,'182',NULL),(NULL,'238',NULL),(NULL,'203',NULL),(NULL,'117',NULL),(NULL,'185',NULL),(NULL,'5',NULL),(NULL,'280',NULL),(NULL,'194',NULL),(NULL,'278',NULL),(NULL,'247',NULL),(NULL,'155',NULL),(NULL,'213',NULL),(NULL,'292',NULL),(NULL,'214',NULL),(NULL,'263',NULL);
/*!40000 ALTER TABLE `pembelian` ENABLE KEYS */;
UNLOCK TABLES;

--
-- Table structure for table `pengiriman`
--

DROP TABLE IF EXISTS `pengiriman`;
/*!40101 SET @saved_cs_client     = @@character_set_client */;
/*!40101 SET character_set_client = utf8 */;
CREATE TABLE `pengiriman` (
  `NoResi` varchar(20) NOT NULL,
  `JasaPengiriman` varchar(30) NOT NULL,
  `Jenis` varchar(50) NOT NULL,
  PRIMARY KEY (`NoResi`)
) ENGINE=InnoDB DEFAULT CHARSET=latin1;
/*!40101 SET character_set_client = @saved_cs_client */;

--
-- Dumping data for table `pengiriman`
--

LOCK TABLES `pengiriman` WRITE;
/*!40000 ALTER TABLE `pengiriman` DISABLE KEYS */;
INSERT INTO `pengiriman` (`NoResi`, `JasaPengiriman`, `Jenis`) VALUES ('JE-15312702','JNE','SS (20-50 km)'),('JE-17784726','JNE','SS (10-20 km)'),('JE-18803541','JNE','REG (20-50 km)'),('JE-19582876','JNE','SS (>2000 km)'),('JE-19929045','JNE','YES (>2000 km)'),('JE-20035914','JNE','SS (1000-2000 km)'),('JE-22721718','JNE','OKE (50-100 km)'),('JE-2364728','JNE','OKE (100-300 km)'),('JE-253469','JNE','OKE (20-50 km)'),('JE-2647066','JNE','YES (50-100 km)'),('JE-29687532','JNE','YES (100-300 km)'),('JE-30784860','JNE','SS (100-300 km)'),('JE-32695459','JNE','YES (100-300 km)'),('JE-34101451','JNE','OKE (>2000 km)'),('JE-38480319','JNE','REG (1000-2000 km)'),('JE-38530492','JNE','YES (300-1000 km)'),('JE-38918890','JNE','OKE (>2000 km)'),('JE-40854041','JNE','OKE (>2000 km)'),('JE-40862510','JNE','REG (50-100 km)'),('JE-42727153','JNE','YES (>2000 km)'),('JE-44534220','JNE','YES (0-10 km)'),('JE-46450911','JNE','YES (>2000 km)'),('JE-48608631','JNE','YES (0-10 km)'),('JE-54997741','JNE','YES (10-20 km)'),('JE-5616039','JNE','REG (>2000 km)'),('JE-5811341','JNE','SS (1000-2000 km)'),('JE-58266877','JNE','YES (10-20 km)'),('JE-58819033','JNE','OKE (0-10 km)'),('JE-58967474','JNE','YES (100-300 km)'),('JE-60565993','JNE','OKE (0-10 km)'),('JE-62630308','JNE','REG (0-10 km)'),('JE-64015583','JNE','YES (1000-2000 km)'),('JE-64760158','JNE','OKE (20-50 km)'),('JE-65521217','JNE','SS (100-300 km)'),('JE-66023710','JNE','OKE (300-1000 km)'),('JE-69813200','JNE','REG (1000-2000 km)'),('JE-7021456','JNE','YES (300-1000 km)'),('JE-70359951','JNE','SS (300-1000 km)'),('JE-75094460','JNE','OKE (300-1000 km)'),('JE-77634044','JNE','SS (100-300 km)'),('JE-81462614','JNE','SS (>2000 km)'),('JE-85046195','JNE','SS (0-10 km)'),('JE-85845672','JNE','OKE (10-20 km)'),('JE-86072152','JNE','REG (20-50 km)'),('JE-87480737','JNE','SS (20-50 km)'),('JE-87490780','JNE','OKE (20-50 km)'),('JE-93136703','JNE','SS (1000-2000 km)'),('JE-93767253','JNE','REG (10-20 km)'),('JE-95745601','JNE','SS (100-300 km)'),('JE-97402247','JNE','REG (1000-2000 km)'),('JE-97724644','JNE','SS (1000-2000 km)'),('JT-14768732','J&T','Express (20-50 km)'),('JT-158229','J&T','Jemari (100-300 km)'),('JT-17733000','J&T','Jemari (100-300 km)'),('JT-1780910','J&T','Ekonomi (>2000 km)'),('JT-17818373','J&T','Ekonomi (50-100 km)'),('JT-18933692','J&T','Jemari (20-50 km)'),('JT-19572322','J&T','Express (300-1000 km)'),('JT-1977355','J&T','Express (>2000 km)'),('JT-2075517','J&T','Express (>2000 km)'),('JT-21400309','J&T','Express (10-20 km)'),('JT-22637131','J&T','Jemari (0-10 km)'),('JT-22698210','J&T','Ekonomi (>2000 km)'),('JT-24391481','J&T','Jemari (50-100 km)'),('JT-2456737','J&T','Express (>2000 km)'),('JT-25656289','J&T','Express (>2000 km)'),('JT-26267433','J&T','Express (>2000 km)'),('JT-27483945','J&T','Jemari (50-100 km)'),('JT-2817877','J&T','Express (>2000 km)'),('JT-28475836','J&T','Jemari (10-20 km)'),('JT-31347486','J&T','Jemari (20-50 km)'),('JT-3144675','J&T','Express (10-20 km)'),('JT-31814855','J&T','Jemari (100-300 km)'),('JT-3589430','J&T','Jemari (1000-2000 km)'),('JT-38249614','J&T','Jemari (0-10 km)'),('JT-43096102','J&T','Jemari (>2000 km)'),('JT-43802896','J&T','Express (300-1000 km)'),('JT-46233483','J&T','Ekonomi (50-100 km)'),('JT-46612385','J&T','Ekonomi (100-300 km)'),('JT-4731183','J&T','Jemari (300-1000 km)'),('JT-47502524','J&T','Jemari (10-20 km)'),('JT-48317325','J&T','Ekonomi (>2000 km)'),('JT-50826387','J&T','Ekonomi (300-1000 km)'),('JT-5192655','J&T','Ekonomi (50-100 km)'),('JT-52053378','J&T','Express (300-1000 km)'),('JT-53076675','J&T','Ekonomi (>2000 km)'),('JT-53643863','J&T','Ekonomi (1000-2000 km)'),('JT-55994514','J&T','Express (1000-2000 km)'),('JT-58457759','J&T','Jemari (20-50 km)'),('JT-6017524','J&T','Express (300-1000 km)'),('JT-60836606','J&T','Ekonomi (100-300 km)'),('JT-62119098','J&T','Express (20-50 km)'),('JT-62639788','J&T','Express (0-10 km)'),('JT-62743492','J&T','Express (0-10 km)'),('JT-63161484','J&T','Ekonomi (50-100 km)'),('JT-66696684','J&T','Ekonomi (100-300 km)'),('JT-73760893','J&T','Ekonomi (0-10 km)'),('JT-77230420','J&T','Ekonomi (0-10 km)'),('JT-77470358','J&T','Jemari (20-50 km)'),('JT-81956871','J&T','Express (20-50 km)'),('JT-83101753','J&T','Express (20-50 km)'),('JT-83382541','J&T','Jemari (10-20 km)'),('JT-86307614','J&T','Express (1000-2000 km)'),('JT-87500164','J&T','Ekonomi (0-10 km)'),('JT-89062621','J&T','Ekonomi (0-10 km)'),('JT-89387507','J&T','Express (50-100 km)'),('JT-97234309','J&T','Ekonomi (>2000 km)'),('JT-99267715','J&T','Jemari (100-300 km)'),('PI-10219655','POS Indonesia','PI (>2000 km)'),('PI-13397393','POS Indonesia','PI (300-1000 km)'),('PI-19096259','POS Indonesia','PI (20-50 km)'),('PI-20068985','POS Indonesia','PI (300-1000 km)'),('PI-23301479','POS Indonesia','PI (>2000 km)'),('PI-24967462','POS Indonesia','PI (300-1000 km)'),('PI-26498923','POS Indonesia','PI (1000-2000 km)'),('PI-30195426','POS Indonesia','PI (10-20 km)'),('PI-32632536','POS Indonesia','PI (100-300 km)'),('PI-33533145','POS Indonesia','PI (50-100 km)'),('PI-33647717','POS Indonesia','PI (50-100 km)'),('PI-33964282','POS Indonesia','PI (100-300 km)'),('PI-37711122','POS Indonesia','PI (100-300 km)'),('PI-3894170','POS Indonesia','PI (>2000 km)'),('PI-39182536','POS Indonesia','PI (10-20 km)'),('PI-39217798','POS Indonesia','PI (50-100 km)'),('PI-39844007','POS Indonesia','PI (50-100 km)'),('PI-42208609','POS Indonesia','PI (50-100 km)'),('PI-42670756','POS Indonesia','PI (20-50 km)'),('PI-43307073','POS Indonesia','PI (10-20 km)'),('PI-46814784','POS Indonesia','PI (20-50 km)'),('PI-47778416','POS Indonesia','PI (10-20 km)'),('PI-48829288','POS Indonesia','PI (20-50 km)'),('PI-49830518','POS Indonesia','PI (20-50 km)'),('PI-50386770','POS Indonesia','PI (300-1000 km)'),('PI-50679271','POS Indonesia','PI (50-100 km)'),('PI-55110096','POS Indonesia','PI (300-1000 km)'),('PI-55508930','POS Indonesia','PI (1000-2000 km)'),('PI-56167931','POS Indonesia','PI (50-100 km)'),('PI-57203790','POS Indonesia','PI (300-1000 km)'),('PI-5875801','POS Indonesia','PI (>2000 km)'),('PI-58878212','POS Indonesia','PI (>2000 km)'),('PI-61869057','POS Indonesia','PI (300-1000 km)'),('PI-63499698','POS Indonesia','PI (50-100 km)'),('PI-63629107','POS Indonesia','PI (20-50 km)'),('PI-64022264','POS Indonesia','PI (20-50 km)'),('PI-64063812','POS Indonesia','PI (0-10 km)'),('PI-65950459','POS Indonesia','PI (300-1000 km)'),('PI-67189026','POS Indonesia','PI (100-300 km)'),('PI-67900447','POS Indonesia','PI (50-100 km)'),('PI-69006243','POS Indonesia','PI (1000-2000 km)'),('PI-69511326','POS Indonesia','PI (50-100 km)'),('PI-69731105','POS Indonesia','PI (10-20 km)'),('PI-69847458','POS Indonesia','PI (1000-2000 km)'),('PI-72571421','POS Indonesia','PI (10-20 km)'),('PI-75658970','POS Indonesia','PI (20-50 km)'),('PI-77482090','POS Indonesia','PI (300-1000 km)'),('PI-78843672','POS Indonesia','PI (50-100 km)'),('PI-79657198','POS Indonesia','PI (1000-2000 km)'),('PI-81051736','POS Indonesia','PI (20-50 km)'),('PI-8192161','POS Indonesia','PI (100-300 km)'),('PI-84965396','POS Indonesia','PI (1000-2000 km)'),('PI-88374870','POS Indonesia','PI (1000-2000 km)'),('PI-88827839','POS Indonesia','PI (10-20 km)'),('PI-97221212','POS Indonesia','PI (10-20 km)'),('PI-98712617','POS Indonesia','PI (50-100 km)'),('PI-99547656','POS Indonesia','PI (0-10 km)'),('SI-10820950','SiCepat','SiUntung (300-1000 km)'),('SI-12930691','SiCepat','Same Day (10-20 km)'),('SI-24750783','SiCepat','Same Day (300-1000 km)'),('SI-30574590','SiCepat','Same Day (0-10 km)'),('SI-30691561','SiCepat','SiUntung (>2000 km)'),('SI-35112375','SiCepat','SiUntung (>2000 km)'),('SI-36962850','SiCepat','SiUntung (100-300 km)'),('SI-38496190','SiCepat','Same Day (1000-2000 km)'),('SI-39318332','SiCepat','Same Day (10-20 km)'),('SI-45689568','SiCepat','SiUntung (50-100 km)'),('SI-45988900','SiCepat','SiUntung (>2000 km)'),('SI-46717411','SiCepat','Same Day (1000-2000 km)'),('SI-48730027','SiCepat','Same Day (10-20 km)'),('SI-49961258','SiCepat','SiUntung (>2000 km)'),('SI-50568968','SiCepat','SiUntung (300-1000 km)'),('SI-53078908','SiCepat','Same Day (100-300 km)'),('SI-55247866','SiCepat','Same Day (100-300 km)'),('SI-554578','SiCepat','SiUntung (0-10 km)'),('SI-56618520','SiCepat','Same Day (100-300 km)'),('SI-59509552','SiCepat','SiUntung (50-100 km)'),('SI-63440496','SiCepat','Same Day (0-10 km)'),('SI-63503519','SiCepat','SiUntung (100-300 km)'),('SI-6489165','SiCepat','SiUntung (50-100 km)'),('SI-66606367','SiCepat','Same Day (100-300 km)'),('SI-66865962','SiCepat','SiUntung (1000-2000 km)'),('SI-67335381','SiCepat','SiUntung (>2000 km)'),('SI-6751368','SiCepat','SiUntung (1000-2000 km)'),('SI-68109852','SiCepat','Same Day (10-20 km)'),('SI-68185760','SiCepat','SiUntung (10-20 km)'),('SI-7245751','SiCepat','Same Day (>2000 km)'),('SI-73109100','SiCepat','Same Day (0-10 km)'),('SI-79357117','SiCepat','Same Day (10-20 km)'),('SI-82194100','SiCepat','Same Day (1000-2000 km)'),('SI-87943407','SiCepat','Same Day (1000-2000 km)'),('SI-90638229','SiCepat','SiUntung (10-20 km)'),('SI-90893823','SiCepat','Same Day (20-50 km)'),('SI-9099153','SiCepat','Same Day (1000-2000 km)'),('SI-94792740','SiCepat','SiUntung (10-20 km)'),('SI-95691321','SiCepat','Same Day (10-20 km)'),('SI-96730624','SiCepat','SiUntung (100-300 km)'),('SI-98912064','SiCepat','Same Day (300-1000 km)'),('TI-13951315','TIKI','ONS (10-20 km)'),('TI-15770666','TIKI','ONS (20-50 km)'),('TI-16191341','TIKI','REG (10-20 km)'),('TI-17438567','TIKI','ONS (300-1000 km)'),('TI-18998184','TIKI','ONS (100-300 km)'),('TI-24846931','TIKI','TDS (1000-2000 km)'),('TI-25873435','TIKI','TDS (100-300 km)'),('TI-28282860','TIKI','TDS (50-100 km)'),('TI-30197857','TIKI','TDS (1000-2000 km)'),('TI-35594058','TIKI','ONS (100-300 km)'),('TI-36252883','TIKI','REG (0-10 km)'),('TI-36809826','TIKI','ONS (10-20 km)'),('TI-3824669','TIKI','ONS (1000-2000 km)'),('TI-40438147','TIKI','TDS (0-10 km)'),('TI-40692145','TIKI','TDS (1000-2000 km)'),('TI-4686048','TIKI','TDS (>2000 km)'),('TI-48338694','TIKI','REG (300-1000 km)'),('TI-49019665','TIKI','TDS (20-50 km)'),('TI-51141286','TIKI','REG (0-10 km)'),('TI-52265505','TIKI','REG (20-50 km)'),('TI-53406781','TIKI','REG (>2000 km)'),('TI-53653259','TIKI','REG (>2000 km)'),('TI-56505301','TIKI','TDS (0-10 km)'),('TI-57478569','TIKI','TDS (1000-2000 km)'),('TI-58343569','TIKI','ONS (100-300 km)'),('TI-60841534','TIKI','REG (20-50 km)'),('TI-62105598','TIKI','TDS (20-50 km)'),('TI-62288427','TIKI','TDS (100-300 km)'),('TI-62451521','TIKI','ONS (0-10 km)'),('TI-62770320','TIKI','ONS (>2000 km)'),('TI-64197325','TIKI','TDS (100-300 km)'),('TI-6599605','TIKI','TDS (100-300 km)'),('TI-66203993','TIKI','REG (10-20 km)'),('TI-67271940','TIKI','TDS (50-100 km)'),('TI-7345550','TIKI','REG (50-100 km)'),('TI-73894436','TIKI','REG (10-20 km)'),('TI-7409773','TIKI','ONS (>2000 km)'),('TI-76086767','TIKI','REG (100-300 km)'),('TI-76819345','TIKI','REG (300-1000 km)'),('TI-77918311','TIKI','TDS (20-50 km)'),('TI-81109195','TIKI','ONS (0-10 km)'),('TI-83677967','TIKI','TDS (100-300 km)'),('TI-88043272','TIKI','ONS (1000-2000 km)'),('TI-95559301','TIKI','ONS (0-10 km)');
/*!40000 ALTER TABLE `pengiriman` ENABLE KEYS */;
UNLOCK TABLES;

--
-- Table structure for table `penjual`
--

DROP TABLE IF EXISTS `penjual`;
/*!40101 SET @saved_cs_client     = @@character_set_client */;
/*!40101 SET character_set_client = utf8 */;
CREATE TABLE `penjual` (
  `IDakun` int(10) NOT NULL,
  `NamaToko` varchar(50) NOT NULL,
  `Slogan` varchar(255) DEFAULT NULL,
  `Deskripsi` varchar(255) DEFAULT NULL,
  `JamBuka` time DEFAULT NULL,
  `JamTutup` time DEFAULT NULL,
  `JenisMerchant` varchar(30) NOT NULL DEFAULT 'Regular',
  `Alamat` varchar(255) DEFAULT NULL,
  UNIQUE KEY `NamaToko` (`NamaToko`),
  KEY `IDakun` (`IDakun`),
  CONSTRAINT `penjual_ibfk_1` FOREIGN KEY (`IDakun`) REFERENCES `akun` (`IDakun`) ON DELETE CASCADE ON UPDATE CASCADE
) ENGINE=InnoDB DEFAULT CHARSET=latin1;
/*!40101 SET character_set_client = @saved_cs_client */;

--
-- Dumping data for table `penjual`
--

LOCK TABLES `penjual` WRITE;
/*!40000 ALTER TABLE `penjual` DISABLE KEYS */;
INSERT INTO `penjual` (`IDakun`, `NamaToko`, `Slogan`, `Deskripsi`, `JamBuka`, `JamTutup`, `JenisMerchant`, `Alamat`) VALUES (299,'Anderson-Schimmel','transform rich bandwidth','sapien sapien non mi','07:57:00','16:29:00','power merchant expert','012 Cherokee Lane'),(276,'Aufderhar-Fritsch','harness user-centric experiences','pede venenatis non sodales sed','06:43:00','19:11:00','power merchant advance','86 Canary Avenue'),(188,'Bartoletti, Senger and Haley','harness next-generation eyeballs','purus sit amet nulla quisque arcu libero rutrum ac','06:18:00','16:35:00','regular','600 Hallows Pass'),(94,'Bashirian, Emard and Stiedemann','seize scalable technologies','et magnis dis','10:00:00','18:46:00','power merchant ultimate','0424 Warrior Avenue'),(293,'Batz-Mohr','enable transparent niches','nisi eu orci mauris lacinia sapien quis libero','08:49:00','16:55:00','regular','0 Laurel Street'),(136,'Bauch, Schaden and Bailey','visualize B2C infomediaries','porta volutpat erat quisque erat','08:54:00','17:21:00','regular','51 Elmside Street'),(28,'Beier-Wilderman','extend sticky partnerships','sit amet sem fusce consequat nulla nisl','06:14:00','17:49:00','power merchant ultimate','2534 Blue Bill Park Place'),(227,'Bins and Sons','enable value-added technologies','auctor gravida sem','07:12:00','17:53:00','power merchant advance','1051 High Crossing Drive'),(285,'Borer-Goyette','engineer web-enabled deliverables','proin interdum mauris non ligula pellentesque ultrices','09:07:00','17:11:00','regular','63576 Artisan Avenue'),(75,'Boyer-Weimann','scale web-enabled markets','non velit donec diam','10:08:00','18:51:00','power merchant advance','70 American Ash Point'),(295,'Boyle-Borer','maximize killer e-tailers','ipsum primis in faucibus','08:39:00','18:06:00','regular','136 Mallory Parkway'),(22,'Christiansen Group','mesh out-of-the-box e-commerce','sed sagittis nam congue risus semper','10:04:00','17:46:00','power merchant expert','699 Huxley Street'),(238,'Cole-King','streamline viral bandwidth','fermentum justo nec condimentum','07:53:00','17:40:00','power merchant expert','9077 Shoshone Pass'),(143,'Crooks, Treutel and Morissette','strategize sexy eyeballs','luctus et ultrices posuere cubilia curae duis faucibus','09:38:00','18:35:00','power merchant ultimate','830 Aberg Way'),(125,'Cruickshank-Schoen','leverage value-added communities','massa volutpat convallis morbi odio odio elementum','07:16:00','19:37:00','power merchant advance','9664 Stoughton Trail'),(284,'Deckow, Paucek and Effertz','maximize one-to-one technologies','neque libero convallis eget','10:31:00','18:40:00','power merchant ultimate','840 Oxford Lane'),(83,'Donnelly, King and Hane','empower B2B niches','tortor duis mattis','09:30:00','18:50:00','power merchant advance','4154 Oak Plaza'),(50,'Erdman LLC','reinvent viral vortals','iaculis justo in hac habitasse','10:03:00','17:43:00','regular','57 Graceland Center'),(153,'Fay-Murphy','recontextualize e-business functionalities','a feugiat et eros vestibulum ac est lacinia','08:31:00','18:28:00','power merchant ultimate','78875 Northfield Trail'),(211,'Fay-Wilkinson','leverage cutting-edge initiatives','nisl duis bibendum felis sed interdum venenatis','07:04:00','17:18:00','regular','44 Rigney Alley'),(65,'Fisher, Mraz and Watsica','engage global paradigms','quam sollicitudin vitae consectetuer eget rutrum','09:18:00','18:36:00','power merchant ultimate','18228 Manitowish Circle'),(244,'Franecki, Kuhlman and VonRueden','disintermediate distributed niches','egestas metus aenean fermentum donec ut mauris eget massa tempor','06:10:00','19:08:00','power merchant expert','899 Green Junction'),(1,'Funk-Wiegand','streamline holistic networks','curae donec pharetra magna vestibulum aliquet ultrices erat tortor','09:48:00','16:25:00','power merchant expert','48672 Paget Avenue'),(131,'Gaylord, Towne and Koch','cultivate strategic markets','amet eleifend pede','09:52:00','19:16:00','power merchant ultimate','070 Lotheville Alley'),(254,'Gibson and Sons','mesh revolutionary models','pede malesuada in imperdiet et commodo vulputate justo','06:41:00','16:38:00','power merchant advance','73949 Cambridge Center'),(127,'Grant-Kerluke','enable cross-platform technologies','justo sit amet sapien dignissim vestibulum vestibulum ante','09:18:00','19:56:00','power merchant advance','68456 Ramsey Alley'),(168,'Greenfelder LLC','syndicate holistic content','vel nulla eget eros elementum pellentesque quisque','08:16:00','17:46:00','power merchant ultimate','115 Leroy Way'),(185,'Hammes, Zboncak and Kilback','architect back-end synergies','orci luctus et ultrices','09:02:00','17:02:00','regular','7488 Wayridge Alley'),(103,'Hauck Inc','incubate dot-com e-services','vivamus metus arcu adipiscing','09:13:00','17:28:00','power merchant expert','15 Arrowood Plaza'),(21,'Heidenreich Group','utilize synergistic e-business','egestas metus aenean fermentum','06:51:00','18:57:00','regular','6 Hansons Street'),(112,'Hermann LLC','reintermediate distributed networks','libero convallis eget','08:41:00','17:56:00','power merchant advance','063 Monica Drive'),(30,'Hilll Inc','e-enable cross-media initiatives','in quam fringilla','09:59:00','16:39:00','power merchant expert','22 Dawn Street'),(162,'Hirthe Inc','facilitate vertical paradigms','purus aliquet at feugiat non pretium quis lectus suspendisse potenti','07:45:00','16:42:00','power merchant ultimate','1 Fremont Pass'),(66,'Hoeger, Bartoletti and Schmitt','reintermediate 24/7 supply-chains','mauris enim leo rhoncus sed','09:09:00','19:25:00','power merchant advance','38 Sherman Crossing'),(154,'Hoppe Group','innovate global content','tortor id nulla ultrices aliquet maecenas leo odio condimentum id','06:10:00','16:56:00','power merchant expert','6 Fremont Way'),(186,'Howell Inc','cultivate viral methodologies','interdum mauris non','10:01:00','18:33:00','power merchant advance','4627 Fordem Parkway'),(263,'Hudson, Deckow and Gorczany','benchmark cutting-edge bandwidth','nulla justo aliquam quis turpis eget','06:12:00','16:07:00','power merchant advance','3771 Kingsford Alley'),(219,'Huels, Swaniawski and Towne','target integrated portals','hac habitasse platea dictumst morbi vestibulum velit id','07:35:00','16:23:00','power merchant ultimate','8 Melby Lane'),(23,'Hyatt, Mante and Douglas','innovate revolutionary ROI','nunc rhoncus dui vel sem sed','06:55:00','19:02:00','regular','41 Luster Junction'),(58,'Jacobi Inc','transition real-time bandwidth','suspendisse accumsan tortor quis turpis sed ante vivamus tortor','06:06:00','16:08:00','regular','87 Express Point'),(282,'Jast, DuBuque and Swift','aggregate intuitive deliverables','ut rhoncus aliquet pulvinar sed nisl nunc rhoncus','09:15:00','19:50:00','regular','88221 Lakewood Gardens Junction'),(90,'Jast, Sipes and Bradtke','deliver 24/365 e-commerce','phasellus id sapien in sapien iaculis congue','06:14:00','18:58:00','power merchant advance','8324 Drewry Avenue'),(67,'Jenkins and Sons','grow open-source metrics','sagittis nam congue risus semper porta volutpat quam pede','07:03:00','16:17:00','power merchant advance','037 Havey Lane'),(89,'Kertzmann, Nolan and Parker','architect plug-and-play metrics','ipsum praesent blandit lacinia erat vestibulum sed magna','10:05:00','16:19:00','power merchant expert','817 Sage Terrace'),(207,'Kohler and Sons','monetize compelling methodologies','aliquam convallis nunc proin at turpis a pede','06:19:00','19:30:00','power merchant advance','740 Sutteridge Point'),(290,'Labadie-Medhurst','maximize compelling infrastructures','quis lectus suspendisse','09:13:00','17:10:00','power merchant expert','866 Victoria Avenue'),(248,'Macejkovic Group','transform leading-edge methodologies','risus praesent lectus vestibulum quam sapien varius ut blandit','07:29:00','18:07:00','regular','989 Longview Parkway'),(59,'Maggio, Miller and Runolfsdottir','facilitate user-centric web-readiness','consequat nulla nisl nunc nisl duis bibendum felis sed interdum','08:26:00','19:03:00','power merchant ultimate','8 Brickson Park Park'),(257,'Marks, Lockman and Jacobi','enable extensible infrastructures','ut massa quis augue luctus tincidunt nulla mollis molestie','06:43:00','17:43:00','regular','9681 Old Shore Plaza'),(275,'Marks-Ferry','grow extensible mindshare','donec semper sapien a libero nam dui proin leo','08:05:00','19:02:00','regular','85461 Westerfield Alley'),(138,'McKenzie, White and Herzog','architect integrated supply-chains','tortor id nulla ultrices aliquet maecenas','09:22:00','16:47:00','regular','1149 Morrow Drive'),(271,'Muller LLC','revolutionize cutting-edge vortals','viverra eget congue','06:08:00','18:59:00','power merchant ultimate','406 Moose Center'),(242,'Nolan and Sons','extend granular systems','elementum nullam varius','09:11:00','19:58:00','power merchant expert','972 Ludington Pass'),(84,'O\'Kon-Gutmann','e-enable transparent deliverables','primis in faucibus orci luctus','10:20:00','19:56:00','power merchant ultimate','9337 Tony Trail'),(252,'Oberbrunner-Bernhard','architect killer experiences','quam turpis adipiscing lorem vitae mattis nibh ligula','10:53:00','17:44:00','power merchant expert','238 Farragut Drive'),(289,'Pagac-O\'Hara','redefine web-enabled deliverables','turpis a pede posuere nonummy integer non velit donec','08:58:00','17:11:00','regular','3741 Stuart Street'),(205,'Parisian-Berge','visualize end-to-end mindshare','nulla sed vel enim sit','08:57:00','16:03:00','power merchant advance','1587 Debra Lane'),(287,'Pollich, Spinka and Lubowitz','productize granular markets','donec diam neque vestibulum','07:56:00','18:18:00','regular','75 Pearson Hill'),(147,'Pollich-Schneider','deploy seamless ROI','cubilia curae mauris','07:44:00','16:54:00','power merchant expert','594 Granby Parkway'),(24,'Price-Douglas','exploit granular infomediaries','augue vestibulum rutrum','07:35:00','17:49:00','power merchant ultimate','85 Eagan Junction'),(78,'Price-Lehner','deliver holistic infrastructures','nibh in quis justo maecenas rhoncus aliquam lacus morbi quis','10:56:00','18:31:00','regular','37546 Anniversary Circle'),(148,'Prohaska and Sons','mesh sexy e-commerce','vestibulum ante ipsum primis','09:10:00','18:41:00','power merchant expert','286 Rusk Alley'),(31,'Raynor, Bergstrom and Stanton','leverage web-enabled mindshare','vulputate nonummy maecenas tincidunt lacus at','08:48:00','16:40:00','power merchant advance','2 Cambridge Plaza'),(262,'Reinger, Volkman and McCullough','reinvent synergistic functionalities','arcu sed augue aliquam erat volutpat in congue','09:23:00','16:00:00','power merchant advance','9451 Mallard Street'),(232,'Rempel Inc','deliver vertical e-commerce','nunc commodo placerat praesent blandit nam nulla integer pede justo','09:31:00','17:37:00','regular','8 Prentice Drive'),(15,'Ritchie-Kassulke','harness seamless models','aliquam quis turpis','07:18:00','17:03:00','regular','0 Eagan Junction'),(288,'Robel and Sons','productize customized relationships','curabitur convallis duis','10:24:00','16:52:00','power merchant ultimate','0 Del Sol Alley'),(118,'Roob-Ortiz','target virtual models','volutpat convallis morbi odio odio elementum','10:41:00','17:09:00','power merchant expert','87953 Kipling Street'),(172,'Russel Inc','streamline strategic technologies','velit vivamus vel nulla eget eros elementum pellentesque quisque porta','09:26:00','19:27:00','power merchant advance','317 Carpenter Hill'),(221,'Rutherford, Krajcik and Becker','drive vertical applications','quam nec dui luctus rutrum nulla tellus in sagittis dui','06:54:00','17:37:00','power merchant ultimate','436 American Park'),(130,'Sauer-Hilll','reinvent dot-com ROI','at ipsum ac tellus semper','07:25:00','17:50:00','power merchant advance','74 Maple Road'),(82,'Schaefer and Sons','incubate revolutionary partnerships','mauris enim leo rhoncus sed','08:54:00','19:54:00','regular','0 Stephen Drive'),(97,'Schmidt, Spencer and Buckridge','iterate vertical networks','leo maecenas pulvinar lobortis est phasellus sit amet','07:03:00','16:44:00','power merchant advance','3 Monument Way'),(14,'Schuppe Group','benchmark mission-critical mindshare','ultrices erat tortor sollicitudin mi sit amet lobortis','09:14:00','16:33:00','power merchant ultimate','15 Elmside Center'),(64,'Schuppe-Gislason','e-enable sexy portals','pulvinar lobortis est phasellus sit amet erat','10:56:00','16:37:00','power merchant ultimate','0 Browning Drive'),(60,'Shields, Roob and Terry','enable best-of-breed platforms','integer pede justo lacinia eget tincidunt eget tempus','09:03:00','18:45:00','regular','5 Waubesa Way'),(79,'Sipes Inc','empower distributed e-business','ipsum primis in faucibus orci luctus et ultrices posuere','10:29:00','17:43:00','power merchant expert','58 Pine View Alley'),(80,'Spinka-Marquardt','productize impactful supply-chains','in tempor turpis','10:06:00','16:08:00','power merchant expert','3 Transport Point'),(187,'Stroman-Cassin','generate efficient models','sed ante vivamus tortor duis mattis egestas metus aenean fermentum','09:40:00','16:19:00','power merchant ultimate','167 Village Junction'),(181,'Swaniawski LLC','architect intuitive technologies','curae duis faucibus accumsan odio curabitur convallis duis consequat dui','10:19:00','16:52:00','regular','4443 Alpine Lane'),(81,'Terry, Bailey and Wolff','harness 24/365 markets','sed ante vivamus tortor duis mattis egestas metus aenean','09:36:00','17:55:00','power merchant expert','693 Florence Plaza'),(42,'Terry-Cassin','harness customized paradigms','feugiat non pretium quis lectus suspendisse potenti in','06:51:00','18:52:00','power merchant expert','4389 Kropf Park'),(197,'Thiel, Wiza and Schroeder','repurpose proactive relationships','at vulputate vitae nisl aenean','10:45:00','16:13:00','power merchant ultimate','18 Truax Terrace'),(88,'Torphy and Sons','enable killer niches','at feugiat non','09:38:00','17:33:00','regular','404 Graceland Parkway'),(110,'Trantow-Streich','reinvent granular partnerships','volutpat quam pede lobortis ligula sit amet eleifend pede','07:40:00','19:41:00','power merchant ultimate','38 Ramsey Trail'),(121,'Treutel LLC','benchmark 24/7 deliverables','ornare consequat lectus in est risus auctor sed','07:28:00','18:30:00','regular','5379 Drewry Lane'),(51,'Turcotte-Schaefer','unleash compelling infomediaries','vehicula condimentum curabitur in','08:20:00','16:20:00','power merchant expert','5290 Elka Hill'),(261,'VonRueden-Russel','incentivize cross-media markets','velit eu est congue elementum in hac habitasse platea','09:34:00','16:16:00','power merchant advance','8 Waxwing Drive'),(71,'Walsh Inc','implement distributed infomediaries','non quam nec dui luctus rutrum nulla tellus','10:31:00','18:16:00','regular','0524 Merrick Plaza'),(129,'Walsh, Schroeder and Fay','utilize value-added users','turpis adipiscing lorem vitae mattis','07:44:00','18:19:00','regular','68 Northridge Drive'),(126,'Watsica-Brakus','grow dynamic deliverables','sapien arcu sed augue aliquam','10:46:00','18:11:00','regular','340 Hoffman Road'),(228,'Weber, Hoppe and Keebler','enable dot-com networks','massa id nisl','09:52:00','17:25:00','power merchant ultimate','3012 Florence Parkway'),(199,'Wiegand, Corkery and Volkman','leverage efficient bandwidth','dolor vel est donec odio justo sollicitudin ut','07:59:00','17:03:00','power merchant advance','8 Helena Plaza'),(208,'Will-Langosh','recontextualize leading-edge e-markets','ut suscipit a feugiat et eros vestibulum ac','06:00:00','18:35:00','power merchant ultimate','92618 Buell Crossing'),(69,'Willms Inc','whiteboard open-source infomediaries','maecenas ut massa','06:49:00','18:03:00','power merchant expert','09660 Kipling Avenue'),(194,'Windler LLC','whiteboard ubiquitous methodologies','vitae quam suspendisse','10:43:00','19:00:00','power merchant expert','070 Burning Wood Crossing'),(230,'Wunsch, Kuhn and Mohr','strategize transparent deliverables','consequat ut nulla sed accumsan felis ut at dolor quis','09:49:00','16:34:00','power merchant advance','11102 Crownhardt Way'),(268,'Wunsch, Reilly and Fay','harness granular methodologies','et eros vestibulum ac est lacinia nisi venenatis','10:18:00','16:54:00','regular','6 Arkansas Hill'),(141,'Wyman, Howe and Armstrong','deploy bleeding-edge web-readiness','a ipsum integer a','09:28:00','19:26:00','regular','82758 Golf Trail'),(49,'Ziemann, Ziemann and Larkin','engage cross-platform synergies','lorem id ligula suspendisse ornare consequat lectus','07:24:00','16:05:00','power merchant ultimate','805 Shelley Place'),(251,'Zieme Inc','transition front-end communities','velit vivamus vel nulla eget eros','10:21:00','17:32:00','power merchant advance','57 Katie Junction');
/*!40000 ALTER TABLE `penjual` ENABLE KEYS */;
UNLOCK TABLES;

--
-- Table structure for table `provinsi`
--

DROP TABLE IF EXISTS `provinsi`;
/*!40101 SET @saved_cs_client     = @@character_set_client */;
/*!40101 SET character_set_client = utf8 */;
CREATE TABLE `provinsi` (
  `Kota_Kab` varchar(50) NOT NULL,
  `Provinsi` varchar(30) DEFAULT NULL,
  PRIMARY KEY (`Kota_Kab`)
) ENGINE=InnoDB DEFAULT CHARSET=latin1;
/*!40101 SET character_set_client = @saved_cs_client */;

--
-- Dumping data for table `provinsi`
--

LOCK TABLES `provinsi` WRITE;
/*!40000 ALTER TABLE `provinsi` DISABLE KEYS */;
INSERT INTO `provinsi` (`Kota_Kab`, `Provinsi`) VALUES (' Banggai ',' Sulawesi Tengah'),(' Banggai Laut',' Sulawesi Tengah'),(' Bekasi',' Jawa Barat'),(' Jakarta',' Dki Jakarta'),(' Jakarta Barat',' DKI Jakarta'),(' Kabupaten Banggai',' Sulawesi Tengah'),(' Kabupaten Banggai Kepulauan',' Sulawesi Tengah'),(' Kabupaten Banyu Asin',' Sumatera Selatan'),(' Kabupaten Bungo',' Jambi'),(' Kabupaten Gayo Lues',' Aceh'),(' Kabupaten Indragiri Hilir',' Riau'),(' Kabupaten Jember',' Jawa Timur'),(' Kabupaten Karawang',' Jawa Barat'),(' Kabupaten Kuningan',' Jawa Barat'),(' Kabupaten Luwu Timur',' Sulawesi Selatan'),(' Kabupaten Muara Enim',' Sumatera Selatan'),(' Kabupaten Mukomuko',' Bengkulu'),(' Kabupaten Sleman',' Daerah Istimewa Yogyakarta'),(' Kabupaten Sumba Barat',' Nusa Tenggara Timur'),(' Kabupaten Sumbawa Barat',' Nusa Tenggara Barat'),(' Kabupaten Sumedang',' Jawa Barat'),(' Kabupaten Sumenep',' Jawa Timur'),(' Kabupaten Tapanuli Utara',' Sumatera Utara'),(' Kediri',' Jawa Timur'),(' Kota Bandung',' Jawa Barat'),(' Kota Bekasi',' Jawa Barat'),(' Kota Bks',' Jawa Barat'),(' Kota Jakarta Selatan',' Daerah Khusus Ibukota Jakarta'),(' Kota Jkt Utara',' Daerah Khusus Ibukota Jakarta'),(' Kota Kupang',' Nusa Tenggara Timur'),(' Kota Medan',' Sumatera Utara'),(' Kota Padang',' Sumatera Barat'),(' Kota Palembang',' Sumatera Selatan'),(' Kota Semarang',' Jawa Tengah'),(' Kota Sibolga',' Sumatera Utara'),(' Kota Sorong',' Papua Barat'),(' Kota Yogyakarta',' Daerah Istimewa Yogyakarta'),(' Kupang',' Nusa Tenggara Timur'),(' Lemang Banjarmasin',' Sumatera Utara'),(' Maulafa',' Nusa Tenggara Timur'),(' Palembang',' Sumatera Selatan'),(' Palmerah',' Jakarta'),(' Surabaya',' Jawa Timur'),(' Takalar',' Papua Barat');
/*!40000 ALTER TABLE `provinsi` ENABLE KEYS */;
UNLOCK TABLES;

--
-- Table structure for table `review`
--

DROP TABLE IF EXISTS `review`;
/*!40101 SET @saved_cs_client     = @@character_set_client */;
/*!40101 SET character_set_client = utf8 */;
CREATE TABLE `review` (
  `NoTransaksi` int(10) NOT NULL,
  `IDBarang` int(10) DEFAULT NULL,
  `TanggalReview` date NOT NULL,
  `Bintang` tinyint(1) DEFAULT NULL,
  `Komentar` varchar(255) DEFAULT NULL,
  PRIMARY KEY (`TanggalReview`,`NoTransaksi`),
  KEY `NoTransaksi` (`NoTransaksi`),
  KEY `IDBarang` (`IDBarang`),
  CONSTRAINT `review_ibfk_1` FOREIGN KEY (`NoTransaksi`) REFERENCES `transaksi` (`NoTransaksi`) ON DELETE CASCADE ON UPDATE CASCADE,
  CONSTRAINT `review_ibfk_2` FOREIGN KEY (`IDBarang`) REFERENCES `barang` (`IDBarang`) ON DELETE CASCADE ON UPDATE CASCADE
) ENGINE=InnoDB DEFAULT CHARSET=latin1;
/*!40101 SET character_set_client = @saved_cs_client */;

--
-- Dumping data for table `review`
--

LOCK TABLES `review` WRITE;
/*!40000 ALTER TABLE `review` DISABLE KEYS */;
INSERT INTO `review` (`NoTransaksi`, `IDBarang`, `TanggalReview`, `Bintang`, `Komentar`) VALUES (46,54,'2019-11-09',4,'Sampai Tepat Waktu'),(56,376,'2019-11-10',4,'Bagus'),(66,2,'2019-11-13',5,'Bagus'),(237,146,'2019-11-13',3,'Sampai Tepat Waktu'),(101,264,'2019-11-18',3,'Sampai Tepat Waktu'),(142,376,'2019-11-19',4,'Bagus'),(92,152,'2019-11-25',4,'Sampai Tepat Waktu'),(115,185,'2019-11-28',3,'Sampainya lama'),(162,220,'2019-12-30',4,'Sampai Tepat Waktu'),(223,75,'2019-12-30',4,'Sampai Tepat Waktu'),(123,229,'2020-01-26',5,'Bagus'),(60,53,'2020-02-24',4,'Bagus'),(13,11,'2020-02-26',5,'Bagus'),(220,1,'2020-03-14',5,'Bagus'),(42,144,'2020-03-16',4,'Bagus'),(62,34,'2020-03-25',5,'Bagus'),(69,372,'2020-03-31',5,'Bagus'),(224,361,'2020-04-01',4,'Murah dan Berkualitas'),(186,398,'2020-04-14',5,'Bagus'),(29,150,'2020-04-18',5,'Sampai Tepat Waktu'),(82,382,'2020-04-29',4,'Bagus'),(179,159,'2020-05-03',4,'Bagus'),(163,375,'2020-05-13',5,'Bagus'),(72,112,'2020-05-14',2,'Sampainya lama'),(88,19,'2020-05-16',4,'Murah dan Berkualitas'),(116,315,'2020-05-26',3,'Sampai Tepat Waktu'),(27,140,'2020-06-20',5,'Sampai Tepat Waktu'),(127,135,'2020-06-28',5,'Bagus'),(5,75,'2020-06-29',5,'Bagus'),(239,121,'2020-07-06',5,'Murah dan Berkualitas'),(148,264,'2020-07-15',2,'Kualitas Barang Kurang Bagus'),(129,155,'2020-07-18',5,'Murah dan Berkualitas'),(80,278,'2020-07-22',5,'Sampai Tepat Waktu'),(73,149,'2020-07-28',1,'Sampainya lama'),(244,304,'2020-08-01',5,'Bagus'),(6,42,'2020-08-15',5,'Bagus'),(15,64,'2020-08-28',5,'Bagus'),(185,283,'2020-08-29',5,'Sampai Tepat Waktu'),(64,325,'2020-09-07',4,'Bagus'),(51,344,'2020-09-16',4,'Murah dan Berkualitas'),(2,99,'2020-10-02',3,'Sampai Tepat Waktu'),(167,238,'2020-10-04',4,'Sampai Tepat Waktu'),(95,230,'2020-10-17',4,'Murah dan Berkualitas'),(207,88,'2020-10-26',3,'Sampai Tepat Waktu'),(190,348,'2020-11-01',4,'Bagus'),(241,62,'2020-11-10',5,'Bagus'),(103,31,'2020-11-14',5,'Sampai Tepat Waktu'),(181,3,'2020-11-15',3,'Kualitas Barang Kurang Bagus'),(158,363,'2020-11-19',1,'Kualitas Barang Kurang Bagus'),(100,16,'2020-11-21',5,'Sampai Tepat Waktu'),(43,20,'2020-12-10',5,'Bagus'),(65,252,'2020-12-13',5,'Bagus'),(28,136,'2020-12-22',5,'Murah dan Berkualitas'),(110,92,'2020-12-22',2,'Kualitas Barang Kurang Bagus'),(238,366,'2020-12-24',1,'Kualitas Barang Kurang Bagus'),(61,134,'2021-01-06',5,'Sampai Tepat Waktu'),(113,227,'2021-01-18',4,'Bagus'),(156,106,'2021-01-23',5,'Bagus'),(227,23,'2021-02-08',5,'Bagus'),(96,267,'2021-02-10',5,'Bagus'),(209,256,'2021-02-22',5,'Bagus'),(12,5,'2021-02-25',5,'Sampai Tepat Waktu'),(26,147,'2021-02-27',4,'Bagus'),(184,383,'2021-02-28',2,'Sampainya lama'),(16,378,'2021-03-05',1,'Kualitas Barang Kurang Bagus'),(246,181,'2021-03-05',2,'Sampainya lama'),(48,346,'2021-03-06',4,'Sampai Tepat Waktu'),(208,11,'2021-03-10',5,'Sampai Tepat Waktu'),(24,118,'2021-03-17',3,'Sampainya lama'),(108,52,'2021-03-24',5,'Murah dan Berkualitas'),(128,390,'2021-03-24',5,'Bagus'),(23,143,'2021-03-29',3,'Sampai Tepat Waktu'),(188,242,'2021-04-18',5,'Bagus'),(143,231,'2021-04-19',5,'Murah dan Berkualitas'),(4,80,'2021-05-02',5,'Bagus'),(97,9,'2021-05-11',5,'Bagus'),(146,270,'2021-05-12',3,'Sampainya lama'),(141,32,'2021-05-14',5,'Bagus'),(211,261,'2021-05-25',5,'Bagus'),(140,180,'2021-06-11',4,'Sampai Tepat Waktu'),(177,373,'2021-06-13',5,'Sampai Tepat Waktu'),(189,148,'2021-06-24',4,'Bagus'),(206,16,'2021-07-01',5,'Bagus'),(67,54,'2021-07-05',4,'Sampai Tepat Waktu'),(85,94,'2021-07-14',3,'Sampai Tepat Waktu'),(168,172,'2021-07-18',4,'Bagus'),(117,330,'2021-07-29',5,'Bagus'),(147,73,'2021-07-31',5,'Sampai Tepat Waktu'),(212,393,'2021-08-04',3,'Sampai Tepat Waktu'),(124,144,'2021-08-09',2,'Sampainya lama'),(86,376,'2021-08-10',5,'Bagus'),(233,299,'2021-08-16',5,'Bagus'),(164,376,'2021-08-24',5,'Bagus'),(187,141,'2021-08-26',5,'Sampai Tepat Waktu'),(10,175,'2021-08-28',5,'Sampai Tepat Waktu'),(169,154,'2021-09-09',2,'Kualitas Barang Kurang Bagus'),(31,151,'2021-09-13',5,'Bagus'),(79,355,'2021-09-21',5,'Bagus'),(3,253,'2021-09-22',3,'Sampai Tepat Waktu'),(161,392,'2021-09-29',3,'Murah dan Berkualitas');
/*!40000 ALTER TABLE `review` ENABLE KEYS */;
UNLOCK TABLES;

--
-- Table structure for table `syaratvoucher`
--

DROP TABLE IF EXISTS `syaratvoucher`;
/*!40101 SET @saved_cs_client     = @@character_set_client */;
/*!40101 SET character_set_client = utf8 */;
CREATE TABLE `syaratvoucher` (
  `NoVoucher` varchar(15) NOT NULL,
  `syarat` varchar(255) DEFAULT NULL
) ENGINE=InnoDB DEFAULT CHARSET=latin1;
/*!40101 SET character_set_client = @saved_cs_client */;

--
-- Dumping data for table `syaratvoucher`
--

LOCK TABLES `syaratvoucher` WRITE;
/*!40000 ALTER TABLE `syaratvoucher` DISABLE KEYS */;
INSERT INTO `syaratvoucher` (`NoVoucher`, `syarat`) VALUES ('1','Tidak ada syarat'),('2','Tidak ada syarat'),('3','Minimal Pembelanjaan 100000'),('4','Minimal Pembelanjaan 300000'),('5','Minimal Pembelanjaan 50000'),('6','Tidak ada syarat'),('7','Tidak ada syarat'),('8','Tidak ada syarat'),('9','Tidak ada syarat'),('10','Tidak ada syarat'),('11','Tidak ada syarat'),('12','Tidak ada syarat'),('13','Tidak ada syarat'),('14','Minimal Pembelanjaan 100000'),('15','Tidak ada syarat'),('16','Tidak ada syarat'),('17','Tidak ada syarat'),('18','Tidak ada syarat'),('19','Tidak ada syarat'),('20','Tidak ada syarat'),('21','Tidak ada syarat'),('22','Tidak ada syarat'),('23','Tidak ada syarat'),('24','Tidak ada syarat'),('25','Tidak ada syarat'),('26','Minimal Pembelanjaan 300000'),('27','Minimal Pembelanjaan 300000'),('28','Minimal Pembelanjaan 200000'),('29','Tidak ada syarat'),('30','Tidak ada syarat'),('31','Tidak ada syarat'),('32','Tidak ada syarat'),('33','Tidak ada syarat'),('34','Tidak ada syarat'),('35','Tidak ada syarat'),('36','Minimal Pembelanjaan 200000'),('37','Tidak ada syarat'),('38','Minimal Pembelanjaan 200000'),('39','Tidak ada syarat'),('40','Tidak ada syarat'),('41','Tidak ada syarat'),('42','Tidak ada syarat'),('43','Tidak ada syarat'),('44','Tidak ada syarat'),('45','Minimal Pembelanjaan 200000'),('46','Tidak ada syarat'),('47','Tidak ada syarat'),('48','Tidak ada syarat'),('49','Tidak ada syarat'),('50','Tidak ada syarat'),('51','Tidak ada syarat'),('52','Tidak ada syarat'),('53','Tidak ada syarat'),('54','Tidak ada syarat'),('55','Minimal Pembelanjaan 100000'),('56','Tidak ada syarat'),('57','Tidak ada syarat'),('58','Tidak ada syarat'),('59','Tidak ada syarat'),('60','Tidak ada syarat'),('61','Tidak ada syarat'),('62','Tidak ada syarat'),('63','Tidak ada syarat'),('64','Minimal Pembelanjaan 100000'),('65','Tidak ada syarat'),('66','Tidak ada syarat'),('67','Tidak ada syarat'),('68','Tidak ada syarat'),('69','Tidak ada syarat'),('70','Tidak ada syarat'),('71','Tidak ada syarat'),('72','Tidak ada syarat'),('73','Tidak ada syarat'),('74','Minimal Pembelanjaan 200000'),('75','Tidak ada syarat'),('76','Tidak ada syarat'),('77','Minimal Pembelanjaan 50000'),('78','Tidak ada syarat'),('79','Tidak ada syarat'),('80','Tidak ada syarat'),('81','Tidak ada syarat'),('82','Minimal Pembelanjaan 50000'),('83','Minimal Pembelanjaan 100000'),('84','Tidak ada syarat'),('85','Minimal Pembelanjaan 100000'),('86','Tidak ada syarat'),('87','Tidak ada syarat'),('88','Tidak ada syarat'),('89','Tidak ada syarat'),('90','Tidak ada syarat'),('91','Tidak ada syarat'),('92','Tidak ada syarat'),('93','Minimal Pembelanjaan 50000'),('94','Tidak ada syarat'),('95','Tidak ada syarat'),('96','Tidak ada syarat'),('97','Minimal Pembelanjaan 50000'),('98','Minimal Pembelanjaan 50000'),('99','Tidak ada syarat'),('100','Tidak ada syarat'),('101','Tidak ada syarat'),('102','Tidak ada syarat'),('103','Tidak ada syarat'),('104','Tidak ada syarat'),('105','Tidak ada syarat'),('106','Minimal Pembelanjaan 50000'),('107','Tidak ada syarat'),('108','Tidak ada syarat'),('109','Tidak ada syarat'),('110','Tidak ada syarat'),('111','Tidak ada syarat'),('112','Tidak ada syarat'),('113','Tidak ada syarat'),('114','Tidak ada syarat'),('115','Tidak ada syarat'),('116','Tidak ada syarat'),('117','Minimal Pembelanjaan 100000'),('118','Tidak ada syarat'),('119','Minimal Pembelanjaan 100000'),('120','Tidak ada syarat'),('121','Tidak ada syarat'),('122','Tidak ada syarat'),('123','Tidak ada syarat'),('124','Tidak ada syarat'),('125','Tidak ada syarat'),('126','Tidak ada syarat'),('127','Tidak ada syarat'),('128','Tidak ada syarat'),('129','Tidak ada syarat'),('130','Tidak ada syarat'),('131','Minimal Pembelanjaan 50000'),('132','Tidak ada syarat'),('133','Tidak ada syarat'),('134','Minimal Pembelanjaan 300000'),('135','Tidak ada syarat'),('136','Tidak ada syarat'),('137','Tidak ada syarat'),('138','Tidak ada syarat'),('139','Tidak ada syarat'),('140','Tidak ada syarat'),('141','Tidak ada syarat'),('142','Tidak ada syarat'),('143','Minimal Pembelanjaan 300000'),('144','Tidak ada syarat'),('145','Tidak ada syarat'),('146','Minimal Pembelanjaan 50000'),('147','Tidak ada syarat'),('148','Tidak ada syarat'),('149','Minimal Pembelanjaan 100000'),('150','Tidak ada syarat'),('151','Tidak ada syarat'),('152','Tidak ada syarat'),('153','Tidak ada syarat'),('154','Tidak ada syarat'),('155','Minimal Pembelanjaan 200000'),('156','Tidak ada syarat'),('157','Tidak ada syarat'),('158','Tidak ada syarat'),('159','Tidak ada syarat'),('160','Tidak ada syarat'),('161','Tidak ada syarat'),('162','Tidak ada syarat'),('163','Tidak ada syarat'),('164','Tidak ada syarat'),('165','Tidak ada syarat'),('166','Tidak ada syarat'),('167','Tidak ada syarat'),('168','Tidak ada syarat'),('169','Minimal Pembelanjaan 100000'),('170','Tidak ada syarat'),('171','Minimal Pembelanjaan 100000'),('172','Tidak ada syarat'),('173','Tidak ada syarat'),('174','Tidak ada syarat'),('175','Tidak ada syarat'),('176','Minimal Pembelanjaan 300000'),('177','Tidak ada syarat'),('178','Tidak ada syarat'),('179','Tidak ada syarat'),('180','Tidak ada syarat'),('181','Tidak ada syarat'),('182','Tidak ada syarat'),('183','Tidak ada syarat'),('184','Tidak ada syarat'),('185','Minimal Pembelanjaan 50000'),('186','Tidak ada syarat'),('187','Minimal Pembelanjaan 200000'),('188','Tidak ada syarat'),('189','Tidak ada syarat'),('190','Tidak ada syarat'),('191','Tidak ada syarat'),('192','Minimal Pembelanjaan 50000'),('193','Tidak ada syarat'),('194','Minimal Pembelanjaan 300000'),('195','Tidak ada syarat'),('196','Tidak ada syarat'),('197','Tidak ada syarat'),('198','Tidak ada syarat'),('199','Tidak ada syarat'),('200','Tidak ada syarat'),('201','Minimal Pembelanjaan 100000'),('202','Tidak ada syarat'),('203','Tidak ada syarat'),('204','Tidak ada syarat'),('205','Tidak ada syarat'),('206','Tidak ada syarat'),('207','Tidak ada syarat'),('208','Tidak ada syarat'),('209','Tidak ada syarat'),('210','Tidak ada syarat'),('211','Tidak ada syarat'),('212','Tidak ada syarat'),('213','Tidak ada syarat'),('214','Minimal Pembelanjaan 50000'),('215','Tidak ada syarat'),('216','Tidak ada syarat'),('217','Tidak ada syarat'),('218','Tidak ada syarat'),('219','Tidak ada syarat'),('220','Minimal Pembelanjaan 200000'),('221','Tidak ada syarat'),('222','Tidak ada syarat'),('223','Minimal Pembelanjaan 50000'),('224','Tidak ada syarat'),('225','Minimal Pembelanjaan 100000'),('226','Tidak ada syarat'),('227','Tidak ada syarat'),('228','Minimal Pembelanjaan 300000'),('229','Minimal Pembelanjaan 300000'),('230','Tidak ada syarat'),('231','Tidak ada syarat'),('232','Minimal Pembelanjaan 200000'),('233','Tidak ada syarat'),('234','Tidak ada syarat'),('235','Tidak ada syarat'),('236','Tidak ada syarat'),('237','Tidak ada syarat'),('238','Minimal Pembelanjaan 300000'),('239','Minimal Pembelanjaan 100000'),('240','Tidak ada syarat'),('241','Tidak ada syarat'),('242','Tidak ada syarat'),('243','Tidak ada syarat'),('244','Tidak ada syarat'),('245','Tidak ada syarat'),('246','Tidak ada syarat'),('247','Minimal Pembelanjaan 300000'),('248','Tidak ada syarat'),('249','Tidak ada syarat'),('250','Tidak ada syarat'),('1','Tidak ada syarat'),('2','Tidak ada syarat'),('3','Minimal Pembelanjaan 100000'),('4','Minimal Pembelanjaan 300000'),('5','Minimal Pembelanjaan 50000'),('6','Tidak ada syarat'),('7','Tidak ada syarat'),('8','Tidak ada syarat'),('9','Tidak ada syarat'),('10','Tidak ada syarat'),('11','Tidak ada syarat'),('12','Tidak ada syarat'),('13','Tidak ada syarat'),('14','Minimal Pembelanjaan 100000'),('15','Tidak ada syarat'),('16','Tidak ada syarat'),('17','Tidak ada syarat'),('18','Tidak ada syarat'),('19','Tidak ada syarat'),('20','Tidak ada syarat'),('21','Tidak ada syarat'),('22','Tidak ada syarat'),('23','Tidak ada syarat'),('24','Tidak ada syarat'),('25','Tidak ada syarat'),('26','Minimal Pembelanjaan 300000'),('27','Minimal Pembelanjaan 300000'),('28','Minimal Pembelanjaan 200000'),('29','Tidak ada syarat'),('30','Tidak ada syarat'),('31','Tidak ada syarat'),('32','Tidak ada syarat'),('33','Tidak ada syarat'),('34','Tidak ada syarat'),('35','Tidak ada syarat'),('36','Minimal Pembelanjaan 200000'),('37','Tidak ada syarat'),('38','Minimal Pembelanjaan 200000'),('39','Tidak ada syarat'),('40','Tidak ada syarat'),('41','Tidak ada syarat'),('42','Tidak ada syarat'),('43','Tidak ada syarat'),('44','Tidak ada syarat'),('45','Minimal Pembelanjaan 200000'),('46','Tidak ada syarat'),('47','Tidak ada syarat'),('48','Tidak ada syarat'),('49','Tidak ada syarat'),('50','Tidak ada syarat'),('51','Tidak ada syarat'),('52','Tidak ada syarat'),('53','Tidak ada syarat'),('54','Tidak ada syarat'),('55','Minimal Pembelanjaan 100000'),('56','Tidak ada syarat'),('57','Tidak ada syarat'),('58','Tidak ada syarat'),('59','Tidak ada syarat'),('60','Tidak ada syarat'),('61','Tidak ada syarat'),('62','Tidak ada syarat'),('63','Tidak ada syarat'),('64','Minimal Pembelanjaan 100000'),('65','Tidak ada syarat'),('66','Tidak ada syarat'),('67','Tidak ada syarat'),('68','Tidak ada syarat'),('69','Tidak ada syarat'),('70','Tidak ada syarat'),('71','Tidak ada syarat'),('72','Tidak ada syarat'),('73','Tidak ada syarat'),('74','Minimal Pembelanjaan 200000'),('75','Tidak ada syarat'),('76','Tidak ada syarat'),('77','Minimal Pembelanjaan 50000'),('78','Tidak ada syarat'),('79','Tidak ada syarat'),('80','Tidak ada syarat'),('81','Tidak ada syarat'),('82','Minimal Pembelanjaan 50000'),('83','Minimal Pembelanjaan 100000'),('84','Tidak ada syarat'),('85','Minimal Pembelanjaan 100000'),('86','Tidak ada syarat'),('87','Tidak ada syarat'),('88','Tidak ada syarat'),('89','Tidak ada syarat'),('90','Tidak ada syarat'),('91','Tidak ada syarat'),('92','Tidak ada syarat'),('93','Minimal Pembelanjaan 50000'),('94','Tidak ada syarat'),('95','Tidak ada syarat'),('96','Tidak ada syarat'),('97','Minimal Pembelanjaan 50000'),('98','Minimal Pembelanjaan 50000'),('99','Tidak ada syarat'),('100','Tidak ada syarat'),('101','Tidak ada syarat'),('102','Tidak ada syarat'),('103','Tidak ada syarat'),('104','Tidak ada syarat'),('105','Tidak ada syarat'),('106','Minimal Pembelanjaan 50000'),('107','Tidak ada syarat'),('108','Tidak ada syarat'),('109','Tidak ada syarat'),('110','Tidak ada syarat'),('111','Tidak ada syarat'),('112','Tidak ada syarat'),('113','Tidak ada syarat'),('114','Tidak ada syarat'),('115','Tidak ada syarat'),('116','Tidak ada syarat'),('117','Minimal Pembelanjaan 100000'),('118','Tidak ada syarat'),('119','Minimal Pembelanjaan 100000'),('120','Tidak ada syarat'),('121','Tidak ada syarat'),('122','Tidak ada syarat'),('123','Tidak ada syarat'),('124','Tidak ada syarat'),('125','Tidak ada syarat'),('126','Tidak ada syarat'),('127','Tidak ada syarat'),('128','Tidak ada syarat'),('129','Tidak ada syarat'),('130','Tidak ada syarat'),('131','Minimal Pembelanjaan 50000'),('132','Tidak ada syarat'),('133','Tidak ada syarat'),('134','Minimal Pembelanjaan 300000'),('135','Tidak ada syarat'),('136','Tidak ada syarat'),('137','Tidak ada syarat'),('138','Tidak ada syarat'),('139','Tidak ada syarat'),('140','Tidak ada syarat'),('141','Tidak ada syarat'),('142','Tidak ada syarat'),('143','Minimal Pembelanjaan 300000'),('144','Tidak ada syarat'),('145','Tidak ada syarat'),('146','Minimal Pembelanjaan 50000'),('147','Tidak ada syarat'),('148','Tidak ada syarat'),('149','Minimal Pembelanjaan 100000'),('150','Tidak ada syarat'),('151','Tidak ada syarat'),('152','Tidak ada syarat'),('153','Tidak ada syarat'),('154','Tidak ada syarat'),('155','Minimal Pembelanjaan 200000'),('156','Tidak ada syarat'),('157','Tidak ada syarat'),('158','Tidak ada syarat'),('159','Tidak ada syarat'),('160','Tidak ada syarat'),('161','Tidak ada syarat'),('162','Tidak ada syarat'),('163','Tidak ada syarat'),('164','Tidak ada syarat'),('165','Tidak ada syarat'),('166','Tidak ada syarat'),('167','Tidak ada syarat'),('168','Tidak ada syarat'),('169','Minimal Pembelanjaan 100000'),('170','Tidak ada syarat'),('171','Minimal Pembelanjaan 100000'),('172','Tidak ada syarat'),('173','Tidak ada syarat'),('174','Tidak ada syarat'),('175','Tidak ada syarat'),('176','Minimal Pembelanjaan 300000'),('177','Tidak ada syarat'),('178','Tidak ada syarat'),('179','Tidak ada syarat'),('180','Tidak ada syarat'),('181','Tidak ada syarat'),('182','Tidak ada syarat'),('183','Tidak ada syarat'),('184','Tidak ada syarat'),('185','Minimal Pembelanjaan 50000'),('186','Tidak ada syarat'),('187','Minimal Pembelanjaan 200000'),('188','Tidak ada syarat'),('189','Tidak ada syarat'),('190','Tidak ada syarat'),('191','Tidak ada syarat'),('192','Minimal Pembelanjaan 50000'),('193','Tidak ada syarat'),('194','Minimal Pembelanjaan 300000'),('195','Tidak ada syarat'),('196','Tidak ada syarat'),('197','Tidak ada syarat'),('198','Tidak ada syarat'),('199','Tidak ada syarat'),('200','Tidak ada syarat'),('201','Minimal Pembelanjaan 100000'),('202','Tidak ada syarat'),('203','Tidak ada syarat'),('204','Tidak ada syarat'),('205','Tidak ada syarat'),('206','Tidak ada syarat'),('207','Tidak ada syarat'),('208','Tidak ada syarat'),('209','Tidak ada syarat'),('210','Tidak ada syarat'),('211','Tidak ada syarat'),('212','Tidak ada syarat'),('213','Tidak ada syarat'),('214','Minimal Pembelanjaan 50000'),('215','Tidak ada syarat'),('216','Tidak ada syarat'),('217','Tidak ada syarat'),('218','Tidak ada syarat'),('219','Tidak ada syarat'),('220','Minimal Pembelanjaan 200000'),('221','Tidak ada syarat'),('222','Tidak ada syarat'),('223','Minimal Pembelanjaan 50000'),('224','Tidak ada syarat'),('225','Minimal Pembelanjaan 100000'),('226','Tidak ada syarat'),('227','Tidak ada syarat'),('228','Minimal Pembelanjaan 300000'),('229','Minimal Pembelanjaan 300000'),('230','Tidak ada syarat'),('231','Tidak ada syarat'),('232','Minimal Pembelanjaan 200000'),('233','Tidak ada syarat'),('234','Tidak ada syarat'),('235','Tidak ada syarat'),('236','Tidak ada syarat'),('237','Tidak ada syarat'),('238','Minimal Pembelanjaan 300000'),('239','Minimal Pembelanjaan 100000'),('240','Tidak ada syarat'),('241','Tidak ada syarat'),('242','Tidak ada syarat'),('243','Tidak ada syarat'),('244','Tidak ada syarat'),('245','Tidak ada syarat'),('246','Tidak ada syarat'),('247','Minimal Pembelanjaan 300000'),('248','Tidak ada syarat'),('249','Tidak ada syarat'),('250','Tidak ada syarat'),('251','Tidak ada syarat'),('252','Tidak ada syarat'),('253','Minimal Pembelanjaan 50000'),('254','Tidak ada syarat'),('255','Tidak ada syarat'),('256','Tidak ada syarat'),('257','Tidak ada syarat'),('258','Tidak ada syarat'),('259','Minimal Pembelanjaan 300000'),('260','Tidak ada syarat'),('261','Tidak ada syarat'),('262','Tidak ada syarat'),('263','Tidak ada syarat'),('264','Tidak ada syarat'),('265','Tidak ada syarat'),('266','Tidak ada syarat'),('267','Minimal Pembelanjaan 50000'),('268','Tidak ada syarat'),('269','Tidak ada syarat'),('270','Tidak ada syarat'),('271','Tidak ada syarat'),('272','Minimal Pembelanjaan 100000'),('273','Tidak ada syarat'),('274','Tidak ada syarat'),('275','Minimal Pembelanjaan 50000'),('276','Tidak ada syarat'),('277','Tidak ada syarat'),('278','Minimal Pembelanjaan 200000'),('279','Tidak ada syarat'),('280','Minimal Pembelanjaan 50000'),('281','Tidak ada syarat'),('282','Tidak ada syarat'),('283','Tidak ada syarat'),('284','Tidak ada syarat'),('285','Tidak ada syarat'),('286','Tidak ada syarat'),('287','Tidak ada syarat'),('288','Tidak ada syarat'),('289','Tidak ada syarat'),('290','Tidak ada syarat'),('291','Minimal Pembelanjaan 200000'),('292','Minimal Pembelanjaan 50000'),('293','Tidak ada syarat'),('294','Tidak ada syarat'),('295','Tidak ada syarat'),('296','Tidak ada syarat'),('297','Minimal Pembelanjaan 100000'),('298','Minimal Pembelanjaan 50000'),('299','Tidak ada syarat'),('300','Minimal Pembelanjaan 300000');
/*!40000 ALTER TABLE `syaratvoucher` ENABLE KEYS */;
UNLOCK TABLES;

--
-- Table structure for table `tarif`
--

DROP TABLE IF EXISTS `tarif`;
/*!40101 SET @saved_cs_client     = @@character_set_client */;
/*!40101 SET character_set_client = utf8 */;
CREATE TABLE `tarif` (
  `JasaPengiriman` varchar(50) NOT NULL,
  `Jenis` varchar(50) DEFAULT NULL,
  `Jarak` float DEFAULT NULL,
  `Ongkir` float DEFAULT NULL,
  KEY `JasaPengiriman` (`JasaPengiriman`),
  CONSTRAINT `tarif_ibfk_1` FOREIGN KEY (`JasaPengiriman`) REFERENCES `jasapengiriman` (`Nama`) ON UPDATE CASCADE
) ENGINE=InnoDB DEFAULT CHARSET=latin1;
/*!40101 SET character_set_client = @saved_cs_client */;

--
-- Dumping data for table `tarif`
--

LOCK TABLES `tarif` WRITE;
/*!40000 ALTER TABLE `tarif` DISABLE KEYS */;
/*!40000 ALTER TABLE `tarif` ENABLE KEYS */;
UNLOCK TABLES;

--
-- Table structure for table `transaksi`
--

DROP TABLE IF EXISTS `transaksi`;
/*!40101 SET @saved_cs_client     = @@character_set_client */;
/*!40101 SET character_set_client = utf8 */;
CREATE TABLE `transaksi` (
  `NoTransaksi` int(10) NOT NULL,
  `IDpenjual` int(10) DEFAULT NULL,
  `MetodePembayaran` varchar(255) DEFAULT NULL,
  `NoResi` varchar(20) DEFAULT NULL,
  `TotalHarga` float DEFAULT NULL,
  `isDone` varchar(20) DEFAULT NULL,
  PRIMARY KEY (`NoTransaksi`),
  KEY `IDpenjual` (`IDpenjual`),
  KEY `NoResi` (`NoResi`),
  CONSTRAINT `transaksi_ibfk_1` FOREIGN KEY (`IDpenjual`) REFERENCES `penjual` (`IDakun`) ON DELETE CASCADE ON UPDATE CASCADE,
  CONSTRAINT `transaksi_ibfk_2` FOREIGN KEY (`NoResi`) REFERENCES `pengiriman` (`NoResi`)
) ENGINE=InnoDB DEFAULT CHARSET=latin1;
/*!40101 SET character_set_client = @saved_cs_client */;

--
-- Dumping data for table `transaksi`
--

LOCK TABLES `transaksi` WRITE;
/*!40000 ALTER TABLE `transaksi` DISABLE KEYS */;
INSERT INTO `transaksi` (`NoTransaksi`, `IDpenjual`, `MetodePembayaran`, `NoResi`, `TotalHarga`, `isDone`) VALUES (1,81,'Kredit','JT-1977355',283270,'not done'),(2,251,'VirtualAccount','JE-58266877',131054,'done'),(3,186,'Transfer','JT-24391481',116716,'done'),(4,238,'VirtualAccount','JE-34101451',395760,'done'),(5,78,'COD','JE-32695459',269148,'done'),(6,285,'Transfer','SI-59509552',411816,'done'),(7,251,'VirtualAccount','JT-99267715',486620,'not done'),(8,288,'Transfer','JE-64015583',306976,'not done'),(9,90,'Kredit','JT-22698210',119938,'not done'),(10,268,'COD','JE-18803541',672890,'done'),(11,257,'VirtualAccount','PI-48829288',238869,'not done'),(12,287,'COD','PI-84965396',349312,'done'),(13,263,'COD','JT-2456737',685128,'done'),(14,88,'Kredit','JT-31814855',778984,'not done'),(15,187,'VirtualAccount','JE-19582876',789327,'done'),(16,118,'Transfer','JT-5192655',175420,'done'),(17,141,'COD','SI-7245751',636820,'not done'),(18,78,'Transfer','SI-55247866',593502,'done'),(19,285,'Kredit','TI-62105598',115485,'not done'),(20,172,'Kredit','PI-81051736',185620,'done'),(21,197,'Kredit','PI-69847458',139393,'done'),(22,289,'Transfer','JT-53076675',158222,'done'),(23,141,'Transfer','JE-38918890',765416,'done'),(24,148,'VirtualAccount','JT-31347486',77496,'done'),(25,262,'VirtualAccount','TI-53406781',607136,'not done'),(26,125,'COD','JE-95745601',785296,'done'),(27,147,'COD','PI-10219655',601144,'done'),(28,244,'Transfer','PI-99547656',312532,'done'),(29,30,'Kredit','JT-77470358',131136,'done'),(30,51,'VirtualAccount','PI-33964282',188581,'not done'),(31,262,'Transfer','JT-66696684',94096,'done'),(32,207,'COD','JT-18933692',134184,'done'),(33,64,'COD','SI-49961258',341890,'done'),(34,69,'Transfer','JE-2647066',737048,'not done'),(35,138,'COD','PI-13397393',114075,'done'),(36,88,'Kredit','TI-60841534',41057,'done'),(37,143,'VirtualAccount','SI-35112375',474111,'done'),(38,89,'COD','TI-7345550',485735,'not done'),(39,284,'COD','TI-6599605',128692,'done'),(40,208,'COD','TI-25873435',318220,'done'),(41,64,'Kredit','PI-67189026',64092,'not done'),(42,143,'VirtualAccount','JT-63161484',127342,'done'),(43,1,'Transfer','JE-64760158',984450,'done'),(44,42,'Transfer','PI-67900447',339108,'not done'),(45,168,'VirtualAccount','PI-75658970',272264,'not done'),(46,232,'VirtualAccount','JE-97402247',117805,'done'),(47,147,'Kredit','TI-40438147',51396,'not done'),(48,197,'VirtualAccount','TI-51141286',733512,'done'),(49,288,'COD','JT-47502524',226090,'not done'),(50,75,'Kredit','PI-77482090',197740,'not done'),(51,147,'Transfer','PI-3894170',522320,'done'),(52,232,'VirtualAccount','SI-554578',387258,'not done'),(53,284,'Transfer','SI-63440496',68713,'not done'),(54,275,'VirtualAccount','PI-88827839',49126,'not done'),(55,238,'VirtualAccount','SI-46717411',95072,'not done'),(56,69,'COD','TI-76086767',832929,'done'),(57,51,'Kredit','JT-28475836',264595,'not done'),(58,263,'VirtualAccount','JE-69813200',119758,'not done'),(59,185,'Transfer','SI-30691561',621871,'not done'),(60,103,'VirtualAccount','JE-93767253',226824,'done'),(61,199,'Transfer','JT-26267433',185325,'done'),(62,66,'Kredit','PI-50679271',226540,'done'),(63,147,'VirtualAccount','TI-40692145',381465,'not done'),(64,262,'COD','JE-60565993',39296,'done'),(65,285,'Kredit','PI-42208609',93360,'done'),(66,154,'Transfer','PI-43307073',549366,'done'),(67,232,'VirtualAccount','TI-49019665',50870,'done'),(68,185,'Kredit','PI-56167931',260192,'not done'),(69,82,'VirtualAccount','SI-9099153',510704,'done'),(70,58,'Kredit','SI-96730624',661152,'not done'),(71,271,'COD','JT-62743492',179380,'not done'),(72,248,'Transfer','JE-58967474',136496,'done'),(73,23,'Transfer','JT-25656289',119942,'done'),(74,285,'Transfer','JT-60836606',100155,'not done'),(75,284,'Transfer','SI-24750783',434528,'not done'),(76,242,'Kredit','TI-77918311',63246,'not done'),(77,238,'COD','TI-24846931',77312,'not done'),(78,1,'COD','PI-37711122',926070,'not done'),(79,143,'VirtualAccount','JE-253469',403343,'done'),(80,186,'Kredit','JT-27483945',151062,'done'),(81,24,'COD','SI-79357117',23058,'not done'),(82,251,'COD','JE-30784860',272196,'done'),(83,162,'Kredit','PI-42670756',181968,'not done'),(84,185,'Transfer','PI-58878212',147062,'not done'),(85,295,'Transfer','TI-58343569',91010,'done'),(86,69,'COD','JT-73760893',96881,'done'),(87,94,'Transfer','SI-39318332',201180,'not done'),(88,22,'COD','JE-93136703',550535,'done'),(89,268,'Transfer','SI-66606367',359248,'not done'),(90,238,'Transfer','PI-20068985',479210,'not done'),(91,284,'Transfer','PI-69731105',93288,'not done'),(92,276,'Transfer','PI-30195426',360984,'done'),(93,84,'COD','JE-44534220',655910,'not done'),(94,143,'COD','JE-86072152',283365,'not done'),(95,147,'COD','SI-98912064',283980,'done'),(96,199,'Transfer','JT-89062621',338585,'done'),(97,219,'Kredit','PI-32632536',415248,'done'),(98,168,'Transfer','PI-5875801',119805,'not done'),(99,118,'Transfer','SI-48730027',46872,'not done'),(100,219,'COD','PI-61869057',326640,'done'),(101,78,'Kredit','PI-23301479',109248,'done'),(102,205,'Transfer','PI-33533145',176883,'not done'),(103,290,'VirtualAccount','SI-12930691',399584,'done'),(104,254,'VirtualAccount','SI-90893823',114264,'not done'),(105,131,'Transfer','PI-55508930',135484,'not done'),(106,79,'Transfer','JE-2364728',758640,'not done'),(107,50,'Kredit','PI-46814784',190698,'not done'),(108,181,'Transfer','SI-50568968',561250,'done'),(109,83,'COD','JT-77230420',554940,'not done'),(110,261,'Kredit','JE-5616039',158675,'done'),(111,282,'COD','SI-53078908',40801,'not done'),(112,64,'COD','JE-54997741',303744,'not done'),(113,136,'Kredit','JE-20035914',851194,'done'),(114,172,'VirtualAccount','TI-48338694',52587,'not done'),(115,118,'Kredit','JT-97234309',363895,'done'),(116,172,'Transfer','PI-57203790',244983,'done'),(117,64,'Transfer','JE-75094460',438166,'done'),(118,66,'Kredit','JE-97724644',125250,'not done'),(119,89,'VirtualAccount','JT-158229',213269,'not done'),(120,263,'VirtualAccount','TI-30197857',140516,'not done'),(121,71,'Transfer','PI-47778416',21713,'not done'),(122,186,'COD','JT-46612385',342650,'not done'),(123,121,'COD','JE-62630308',627040,'done'),(124,143,'Transfer','TI-64197325',132342,'done'),(125,81,'Kredit','PI-39217798',69143,'not done'),(126,299,'VirtualAccount','TI-57478569',234946,'not done'),(127,131,'Kredit','SI-36962850',282936,'done'),(128,110,'Kredit','PI-19096259',16832,'done'),(129,207,'COD','JT-62119098',144920,'done'),(130,168,'VirtualAccount','JT-14768732',573165,'not done'),(131,80,'VirtualAccount','SI-67335381',243072,'not done'),(132,284,'Kredit','TI-62451521',45724,'done'),(133,64,'COD','JE-87490780',954370,'not done'),(134,97,'Transfer','JT-86307614',725100,'done'),(135,59,'COD','SI-87943407',206274,'not done'),(136,130,'VirtualAccount','SI-68109852',807030,'done'),(137,299,'VirtualAccount','PI-39182536',44508,'done'),(138,211,'Kredit','JT-53643863',976280,'not done'),(139,289,'COD','JE-42727153',869920,'not done'),(140,125,'Kredit','PI-72571421',397360,'done'),(141,290,'Transfer','JE-19929045',700888,'done'),(142,69,'VirtualAccount','JT-21400309',818929,'done'),(143,79,'VirtualAccount','TI-16191341',77164,'done'),(144,181,'Transfer','JT-62639788',90230,'not done'),(145,284,'VirtualAccount','SI-66865962',231296,'not done'),(146,118,'Transfer','JE-7021456',91934,'done'),(147,172,'COD','TI-36809826',339415,'done'),(148,78,'VirtualAccount','TI-81109195',51992,'done'),(149,299,'VirtualAccount','JT-19572322',505124,'not done'),(150,282,'COD','TI-88043272',89133,'not done'),(151,194,'Kredit','TI-15770666',233595,'not done'),(152,31,'Kredit','TI-83677967',95641,'not done'),(153,90,'Kredit','PI-55110096',184280,'not done'),(154,67,'Kredit','TI-62770320',112315,'not done'),(155,42,'Kredit','JT-2075517',199344,'not done'),(156,228,'Transfer','PI-63499698',28293,'done'),(157,131,'COD','PI-97221212',74484,'not done'),(158,181,'Transfer','JT-89387507',105296,'done'),(159,121,'COD','SI-63503519',39839,'not done'),(160,271,'VirtualAccount','SI-68185760',46797,'not done'),(161,141,'COD','SI-73109100',12835,'done'),(162,186,'Kredit','JE-5811341',97264,'done'),(163,81,'COD','TI-62288427',52645,'done'),(164,69,'COD','JT-46233483',286643,'done'),(165,71,'Kredit','SI-6751368',123200,'not done'),(166,78,'COD','JT-3589430',539585,'not done'),(167,230,'COD','JT-1780910',169984,'done'),(168,248,'Transfer','JE-48608631',206240,'done'),(169,58,'VirtualAccount','JT-43096102',177019,'done'),(170,287,'Kredit','JE-38530492',281012,'not done'),(171,154,'Transfer','TI-76819345',135061,'not done'),(172,263,'Transfer','SI-10820950',55293,'done'),(173,275,'Transfer','TI-66203993',272149,'not done'),(174,238,'VirtualAccount','JT-48317325',205260,'done'),(175,188,'VirtualAccount','PI-69511326',251980,'not done'),(176,58,'Transfer','JE-29687532',45897,'not done'),(177,121,'Kredit','JT-17818373',66445,'done'),(178,88,'COD','PI-26498923',445492,'not done'),(179,90,'Kredit','JT-2817877',247726,'done'),(180,288,'VirtualAccount','TI-4686048',452150,'not done'),(181,83,'Transfer','SI-95691321',225176,'done'),(182,299,'COD','JE-81462614',321572,'not done'),(183,148,'Transfer','SI-90638229',209455,'not done'),(184,219,'Kredit','SI-94792740',54520,'done'),(185,67,'Kredit','TI-35594058',210830,'done'),(186,154,'Kredit','JT-6017524',420920,'done'),(187,221,'Kredit','JT-83382541',486130,'done'),(188,14,'Kredit','SI-6489165',198693,'done'),(189,261,'Transfer','JT-87500164',263032,'done'),(190,271,'Transfer','PI-65950459',129590,'done'),(191,185,'COD','TI-7409773',121531,'not done'),(192,208,'VirtualAccount','SI-30574590',190232,'not done'),(193,228,'Kredit','TI-52265505',98365,'done'),(194,31,'Transfer','TI-95559301',257910,'done'),(195,188,'COD','SI-38496190',345528,'done'),(196,172,'VirtualAccount','JE-38480319',85228,'done'),(197,228,'VirtualAccount','TI-53653259',128319,'not done'),(198,15,'Kredit','JE-40862510',53411,'done'),(199,244,'Kredit','JT-3144675',16525,'not done'),(200,205,'Transfer','SI-45689568',412700,'not done'),(201,88,'COD','TI-17438567',80076,'not done'),(202,129,'COD','SI-82194100',319740,'not done'),(203,24,'VirtualAccount','TI-3824669',253116,'done'),(204,14,'Transfer','TI-67271940',91240,'not done'),(205,261,'Transfer','JT-4731183',172016,'not done'),(206,219,'Transfer','JE-77634044',247312,'done'),(207,153,'Kredit','TI-56505301',168340,'done'),(208,263,'Kredit','JE-87480737',303064,'done'),(209,248,'Transfer','PI-49830518',81867,'done'),(210,244,'Kredit','JE-66023710',188086,'not done'),(211,97,'Kredit','PI-78843672',91464,'done'),(212,257,'VirtualAccount','PI-8192161',107909,'done'),(213,153,'Kredit','JT-81956871',23994,'not done'),(214,188,'Transfer','JE-40854041',274396,'not done'),(215,205,'Transfer','PI-64063812',328155,'not done'),(216,94,'Kredit','JT-58457759',132668,'not done'),(217,242,'VirtualAccount','PI-50386770',104962,'not done'),(218,207,'VirtualAccount','TI-73894436',107808,'not done'),(219,232,'VirtualAccount','SI-56618520',350215,'not done'),(220,227,'Transfer','JT-17733000',468520,'done'),(221,31,'VirtualAccount','PI-33647717',192532,'not done'),(222,186,'Kredit','JT-43802896',45908,'not done'),(223,78,'Transfer','JE-58819033',46858,'done'),(224,51,'Kredit','JT-50826387',92589,'done'),(225,242,'Transfer','PI-64022264',140408,'not done'),(226,49,'Transfer','JT-52053378',56130,'not done'),(227,126,'COD','PI-79657198',261186,'done'),(228,199,'VirtualAccount','PI-69006243',82728,'not done'),(229,24,'VirtualAccount','JT-55994514',81461,'not done'),(230,97,'COD','JT-22637131',148360,'not done'),(231,295,'VirtualAccount','JE-65521217',27718,'not done'),(232,141,'VirtualAccount','JE-46450911',515385,'not done'),(233,295,'COD','PI-88374870',109433,'done'),(234,221,'VirtualAccount','SI-45988900',100399,'not done'),(235,207,'Transfer','JE-85046195',87488,'not done'),(236,30,'COD','PI-98712617',42845,'not done'),(237,126,'Kredit','TI-36252883',61166,'done'),(238,64,'COD','TI-28282860',392505,'done'),(239,208,'VirtualAccount','PI-39844007',57239,'done'),(240,66,'Kredit','JT-38249614',49508,'not done'),(241,51,'Transfer','JE-70359951',238306,'done'),(242,227,'Kredit','JE-17784726',135652,'not done'),(243,293,'COD','JE-22721718',268195,'not done'),(244,129,'VirtualAccount','JE-85845672',260966,'done'),(245,268,'VirtualAccount','TI-13951315',242720,'not done'),(246,242,'VirtualAccount','PI-63629107',98943,'done'),(247,24,'COD','JT-83101753',51645,'done'),(248,248,'COD','TI-18998184',69896,'not done'),(249,126,'Kredit','JE-15312702',43070,'not done'),(250,83,'Transfer','PI-24967462',154588,'done');
/*!40000 ALTER TABLE `transaksi` ENABLE KEYS */;
UNLOCK TABLES;

--
-- Table structure for table `voucher`
--

DROP TABLE IF EXISTS `voucher`;
/*!40101 SET @saved_cs_client     = @@character_set_client */;
/*!40101 SET character_set_client = utf8 */;
CREATE TABLE `voucher` (
  `IDpemilik` int(10) NOT NULL,
  `NoVoucher` varchar(15) NOT NULL,
  `Jenis` varchar(30) NOT NULL,
  `Expire` timestamp NOT NULL DEFAULT current_timestamp() ON UPDATE current_timestamp(),
  `isUsed` varchar(15) DEFAULT NULL,
  PRIMARY KEY (`NoVoucher`),
  KEY `IDpemilik` (`IDpemilik`),
  CONSTRAINT `voucher_ibfk_1` FOREIGN KEY (`IDpemilik`) REFERENCES `akun` (`IDakun`) ON DELETE CASCADE ON UPDATE CASCADE
) ENGINE=InnoDB DEFAULT CHARSET=latin1;
/*!40101 SET character_set_client = @saved_cs_client */;

--
-- Dumping data for table `voucher`
--

LOCK TABLES `voucher` WRITE;
/*!40000 ALTER TABLE `voucher` DISABLE KEYS */;
INSERT INTO `voucher` (`IDpemilik`, `NoVoucher`, `Jenis`, `Expire`, `isUsed`) VALUES (14,'1','Gratis Ongkir','2021-11-22 17:00:00','Used'),(93,'10','Gratis Ongkir','2022-02-02 17:00:00','Used'),(8,'100','Gratis Ongkir','2021-12-18 17:00:00','not Used'),(38,'101','Gratis Ongkir','2022-02-21 17:00:00','Used'),(6,'102','Gratis Ongkir','2021-12-24 17:00:00','Used'),(50,'103','Gratis Ongkir','2022-02-15 17:00:00','Used'),(34,'104','Gratis Ongkir','2021-12-12 17:00:00','Used'),(89,'105','Gratis Ongkir','2022-02-09 17:00:00','Used'),(91,'106','Cash Back 5%','2021-12-31 17:00:00','Used'),(19,'107','Gratis Ongkir','2022-02-21 17:00:00','Used'),(62,'108','Gratis Ongkir','2022-02-20 17:00:00','Used'),(6,'109','Gratis Ongkir','2021-12-29 17:00:00','Used'),(38,'11','Gratis Ongkir','2022-02-08 17:00:00','Used'),(79,'110','Gratis Ongkir','2022-02-26 17:00:00','Used'),(66,'111','Gratis Ongkir','2021-12-06 17:00:00','Used'),(31,'112','Gratis Ongkir','2022-02-18 17:00:00','Used'),(93,'113','Gratis Ongkir','2021-12-25 17:00:00','Used'),(12,'114','Gratis Ongkir','2021-12-18 17:00:00','Used'),(60,'115','Gratis Ongkir','2022-02-23 17:00:00','Used'),(18,'116','Gratis Ongkir','2022-01-21 17:00:00','Used'),(145,'117','Cash Back 10%','2022-02-11 17:00:00','not Used'),(31,'118','Gratis Ongkir','2021-12-31 17:00:00','Used'),(80,'119','Cash Back 10%','2022-02-20 17:00:00','not Used'),(65,'12','Gratis Ongkir','2022-02-15 17:00:00','Used'),(39,'120','Gratis Ongkir','2022-01-06 17:00:00','Used'),(68,'121','Gratis Ongkir','2022-01-17 17:00:00','Used'),(32,'122','Gratis Ongkir','2022-02-19 17:00:00','Used'),(16,'123','Gratis Ongkir','2021-12-23 17:00:00','Used'),(68,'124','Gratis Ongkir','2021-12-03 17:00:00','Used'),(85,'125','Gratis Ongkir','2021-11-27 17:00:00','Used'),(72,'126','Gratis Ongkir','2021-12-26 17:00:00','Used'),(30,'127','Gratis Ongkir','2022-02-01 17:00:00','Used'),(83,'128','Gratis Ongkir','2022-01-24 17:00:00','Used'),(66,'129','Gratis Ongkir','2021-12-31 17:00:00','Used'),(70,'13','Gratis Ongkir','2022-01-13 17:00:00','Used'),(34,'130','Gratis Ongkir','2021-11-29 17:00:00','Used'),(15,'131','Cash Back 5%','2022-02-22 17:00:00','Used'),(72,'132','Gratis Ongkir','2022-01-07 17:00:00','Used'),(88,'133','Gratis Ongkir','2021-12-31 17:00:00','Used'),(70,'134','Cash Back 20%','2022-02-18 17:00:00','Used'),(76,'135','Gratis Ongkir','2021-12-07 17:00:00','Used'),(16,'136','Gratis Ongkir','2021-12-27 17:00:00','Used'),(16,'137','Gratis Ongkir','2021-12-16 17:00:00','Used'),(18,'138','Gratis Ongkir','2021-12-31 17:00:00','Used'),(95,'139','Gratis Ongkir','2021-11-23 17:00:00','Used'),(86,'14','Cash Back 10%','2022-01-12 17:00:00','Used'),(113,'140','Gratis Ongkir','2021-12-31 17:00:00','not Used'),(67,'141','Gratis Ongkir','2021-12-31 17:00:00','Used'),(64,'142','Gratis Ongkir','2021-12-02 17:00:00','Used'),(12,'143','Cash Back 20%','2022-01-14 17:00:00','Used'),(21,'144','Gratis Ongkir','2021-12-18 17:00:00','Used'),(98,'145','Gratis Ongkir','2022-02-07 17:00:00','Used'),(179,'146','Cash Back 5%','2021-11-23 17:00:00','not Used'),(29,'147','Gratis Ongkir','2021-11-25 17:00:00','Used'),(53,'148','Gratis Ongkir','2022-01-14 17:00:00','Used'),(56,'149','Cash Back 10%','2022-01-26 17:00:00','Used'),(29,'15','Gratis Ongkir','2022-01-21 17:00:00','Used'),(4,'150','Gratis Ongkir','2021-11-27 17:00:00','Used'),(96,'151','Gratis Ongkir','2021-12-30 17:00:00','Used'),(76,'152','Gratis Ongkir','2021-11-29 17:00:00','Used'),(61,'153','Gratis Ongkir','2022-02-26 17:00:00','Used'),(6,'154','Gratis Ongkir','2022-01-22 17:00:00','Used'),(33,'155','Cash Back 20000','2022-01-01 17:00:00','not Used'),(67,'156','Gratis Ongkir','2021-11-22 17:00:00','Used'),(61,'157','Gratis Ongkir','2021-12-26 17:00:00','Used'),(44,'158','Gratis Ongkir','2022-02-18 17:00:00','Used'),(48,'159','Gratis Ongkir','2022-02-08 17:00:00','Used'),(24,'16','Gratis Ongkir','2021-12-06 17:00:00','Used'),(42,'160','Gratis Ongkir','2021-12-01 17:00:00','Used'),(25,'161','Gratis Ongkir','2022-02-09 17:00:00','Used'),(92,'162','Gratis Ongkir','2021-11-30 17:00:00','Used'),(86,'163','Gratis Ongkir','2022-01-04 17:00:00','Used'),(70,'164','Gratis Ongkir','2022-02-09 17:00:00','Used'),(44,'165','Gratis Ongkir','2022-02-12 17:00:00','Used'),(71,'166','Gratis Ongkir','2022-02-15 17:00:00','Used'),(75,'167','Gratis Ongkir','2021-12-17 17:00:00','Used'),(15,'168','Gratis Ongkir','2022-02-18 17:00:00','Used'),(43,'169','Cash Back 10%','2022-01-14 17:00:00','Used'),(87,'17','Gratis Ongkir','2022-02-12 17:00:00','Used'),(4,'170','Gratis Ongkir','2022-01-07 17:00:00','Used'),(252,'171','Cash Back 10%','2022-01-19 17:00:00','not Used'),(25,'172','Gratis Ongkir','2021-12-09 17:00:00','Used'),(50,'173','Gratis Ongkir','2022-02-25 17:00:00','Used'),(4,'174','Gratis Ongkir','2021-11-24 17:00:00','Used'),(70,'175','Gratis Ongkir','2022-01-13 17:00:00','Used'),(188,'176','Cash Back 20%','2022-01-01 17:00:00','not Used'),(35,'177','Gratis Ongkir','2022-02-18 17:00:00','Used'),(50,'178','Gratis Ongkir','2021-11-24 17:00:00','Used'),(30,'179','Gratis Ongkir','2022-01-21 17:00:00','Used'),(75,'18','Gratis Ongkir','2022-01-05 17:00:00','Used'),(18,'180','Gratis Ongkir','2021-12-07 17:00:00','Used'),(17,'181','Gratis Ongkir','2022-02-26 17:00:00','Used'),(211,'182','Gratis Ongkir','2022-02-04 17:00:00','not Used'),(34,'183','Gratis Ongkir','2022-02-03 17:00:00','Used'),(53,'184','Gratis Ongkir','2022-01-02 17:00:00','Used'),(74,'185','Cash Back 5%','2022-01-27 17:00:00','not Used'),(56,'186','Gratis Ongkir','2021-11-27 17:00:00','Used'),(88,'187','Cash Back 20000','2021-11-28 17:00:00','Used'),(30,'188','Gratis Ongkir','2022-02-10 17:00:00','Used'),(85,'189','Gratis Ongkir','2021-12-30 17:00:00','Used'),(46,'19','Gratis Ongkir','2022-02-07 17:00:00','Used'),(96,'190','Gratis Ongkir','2022-02-05 17:00:00','Used'),(11,'191','Gratis Ongkir','2021-12-03 17:00:00','Used'),(227,'192','Cash Back 5%','2021-12-03 17:00:00','not Used'),(97,'193','Gratis Ongkir','2022-01-25 17:00:00','Used'),(94,'194','Cash Back 20%','2022-01-26 17:00:00','not Used'),(22,'195','Gratis Ongkir','2021-11-26 17:00:00','Used'),(62,'196','Gratis Ongkir','2021-12-03 17:00:00','Used'),(42,'197','Gratis Ongkir','2021-12-15 17:00:00','Used'),(34,'198','Gratis Ongkir','2021-12-30 17:00:00','Used'),(67,'199','Gratis Ongkir','2022-02-01 17:00:00','Used'),(7,'2','Gratis Ongkir','2021-12-17 17:00:00','Used'),(57,'20','Gratis Ongkir','2021-12-24 17:00:00','Used'),(58,'200','Gratis Ongkir','2021-12-16 17:00:00','Used'),(190,'201','Cash Back 10%','2021-12-09 17:00:00','not Used'),(46,'202','Gratis Ongkir','2021-12-21 17:00:00','Used'),(213,'203','Gratis Ongkir','2021-12-25 17:00:00','not Used'),(85,'204','Gratis Ongkir','2022-01-13 17:00:00','Used'),(76,'205','Gratis Ongkir','2022-01-03 17:00:00','Used'),(74,'206','Gratis Ongkir','2021-12-19 17:00:00','Used'),(97,'207','Gratis Ongkir','2021-12-27 17:00:00','Used'),(7,'208','Gratis Ongkir','2022-01-01 17:00:00','Used'),(47,'209','Gratis Ongkir','2021-12-22 17:00:00','Used'),(94,'21','Gratis Ongkir','2022-02-08 17:00:00','Used'),(73,'210','Gratis Ongkir','2021-11-27 17:00:00','Used'),(96,'211','Gratis Ongkir','2022-01-09 17:00:00','Used'),(53,'212','Gratis Ongkir','2022-01-04 17:00:00','Used'),(215,'213','Gratis Ongkir','2022-02-14 17:00:00','not Used'),(161,'214','Cash Back 5%','2022-01-05 17:00:00','not Used'),(93,'215','Gratis Ongkir','2022-02-25 17:00:00','Used'),(54,'216','Gratis Ongkir','2022-02-25 17:00:00','Used'),(67,'217','Gratis Ongkir','2022-01-01 17:00:00','Used'),(54,'218','Gratis Ongkir','2022-02-13 17:00:00','Used'),(63,'219','Gratis Ongkir','2021-12-14 17:00:00','Used'),(34,'22','Gratis Ongkir','2022-01-24 17:00:00','Used'),(248,'220','Cash Back 20000','2022-01-08 17:00:00','not Used'),(52,'221','Gratis Ongkir','2021-12-10 17:00:00','Used'),(38,'222','Gratis Ongkir','2022-02-25 17:00:00','Used'),(124,'223','Cash Back 5%','2021-11-23 17:00:00','not Used'),(5,'224','Gratis Ongkir','2022-01-09 17:00:00','Used'),(266,'225','Cash Back 10%','2022-01-29 17:00:00','not Used'),(34,'226','Gratis Ongkir','2021-12-05 17:00:00','Used'),(34,'227','Gratis Ongkir','2022-02-15 17:00:00','Used'),(196,'228','Cash Back 20%','2022-01-12 17:00:00','not Used'),(32,'229','Cash Back 20%','2022-02-15 17:00:00','Used'),(47,'23','Gratis Ongkir','2022-02-16 17:00:00','Used'),(50,'230','Gratis Ongkir','2021-11-24 17:00:00','Used'),(33,'231','Gratis Ongkir','2021-12-11 17:00:00','Used'),(268,'232','Cash Back 20000','2021-11-19 17:00:00','not Used'),(23,'233','Gratis Ongkir','2022-01-31 17:00:00','Used'),(46,'234','Gratis Ongkir','2022-02-19 17:00:00','Used'),(11,'235','Gratis Ongkir','2021-12-31 17:00:00','Used'),(28,'236','Gratis Ongkir','2022-01-23 17:00:00','Used'),(21,'237','Gratis Ongkir','2022-02-07 17:00:00','Used'),(34,'238','Cash Back 20%','2022-01-01 17:00:00','not Used'),(235,'239','Cash Back 10%','2021-12-30 17:00:00','not Used'),(25,'24','Gratis Ongkir','2021-12-04 17:00:00','Used'),(86,'240','Gratis Ongkir','2022-02-16 17:00:00','Used'),(4,'241','Gratis Ongkir','2022-02-23 17:00:00','not Used'),(42,'242','Gratis Ongkir','2021-12-13 17:00:00','Used'),(14,'243','Gratis Ongkir','2021-12-10 17:00:00','Used'),(81,'244','Gratis Ongkir','2021-12-01 17:00:00','Used'),(70,'245','Gratis Ongkir','2021-11-26 17:00:00','Used'),(67,'246','Gratis Ongkir','2021-12-21 17:00:00','Used'),(289,'247','Cash Back 20%','2022-01-18 17:00:00','not Used'),(69,'248','Gratis Ongkir','2022-02-20 17:00:00','Used'),(87,'249','Gratis Ongkir','2022-01-04 17:00:00','Used'),(23,'25','Gratis Ongkir','2022-01-04 17:00:00','Used'),(50,'250','Gratis Ongkir','2022-01-03 17:00:00','Used'),(38,'251','Gratis Ongkir','2021-11-29 17:00:00','Used'),(23,'252','Gratis Ongkir','2021-12-23 17:00:00','Used'),(61,'253','Cash Back 5%','2022-02-04 17:00:00','Used'),(2,'254','Gratis Ongkir','2021-12-18 17:00:00','Used'),(69,'255','Gratis Ongkir','2021-11-28 17:00:00','Used'),(14,'256','Gratis Ongkir','2022-01-07 17:00:00','Used'),(13,'257','Gratis Ongkir','2021-12-30 17:00:00','Used'),(6,'258','Gratis Ongkir','2022-02-26 17:00:00','Used'),(72,'259','Cash Back 20%','2021-12-26 17:00:00','Used'),(75,'26','Cash Back 20%','2021-12-28 17:00:00','Used'),(8,'260','Gratis Ongkir','2022-02-16 17:00:00','Used'),(9,'261','Gratis Ongkir','2021-12-02 17:00:00','Used'),(29,'262','Gratis Ongkir','2022-02-18 17:00:00','Used'),(95,'263','Gratis Ongkir','2021-12-18 17:00:00','not Used'),(66,'264','Gratis Ongkir','2022-02-13 17:00:00','Used'),(2,'265','Gratis Ongkir','2021-12-07 17:00:00','Used'),(67,'266','Gratis Ongkir','2022-01-26 17:00:00','Used'),(290,'267','Cash Back 5%','2021-11-19 17:00:00','not Used'),(62,'268','Gratis Ongkir','2021-12-20 17:00:00','Used'),(45,'269','Gratis Ongkir','2022-02-13 17:00:00','Used'),(12,'27','Cash Back 20%','2021-12-11 17:00:00','not Used'),(84,'270','Gratis Ongkir','2021-12-28 17:00:00','Used'),(64,'271','Gratis Ongkir','2022-01-28 17:00:00','Used'),(294,'272','Cash Back 10%','2022-01-17 17:00:00','not Used'),(5,'273','Gratis Ongkir','2021-12-15 17:00:00','Used'),(74,'274','Gratis Ongkir','2022-01-23 17:00:00','Used'),(65,'275','Cash Back 5%','2021-12-04 17:00:00','Used'),(2,'276','Gratis Ongkir','2021-12-03 17:00:00','Used'),(15,'277','Gratis Ongkir','2021-11-23 17:00:00','Used'),(240,'278','Cash Back 20000','2022-02-17 17:00:00','not Used'),(73,'279','Gratis Ongkir','2022-01-04 17:00:00','Used'),(83,'28','Cash Back 20000','2021-12-30 17:00:00','Used'),(272,'280','Cash Back 5%','2022-02-22 17:00:00','not Used'),(48,'281','Gratis Ongkir','2022-01-19 17:00:00','Used'),(44,'282','Gratis Ongkir','2022-02-25 17:00:00','Used'),(51,'283','Gratis Ongkir','2022-01-12 17:00:00','Used'),(22,'284','Gratis Ongkir','2021-12-03 17:00:00','Used'),(81,'285','Gratis Ongkir','2021-11-28 17:00:00','Used'),(3,'286','Gratis Ongkir','2021-11-28 17:00:00','Used'),(10,'287','Gratis Ongkir','2021-12-09 17:00:00','Used'),(50,'288','Gratis Ongkir','2022-01-23 17:00:00','Used'),(84,'289','Gratis Ongkir','2022-02-13 17:00:00','Used'),(3,'29','Gratis Ongkir','2022-02-12 17:00:00','Used'),(81,'290','Gratis Ongkir','2021-12-16 17:00:00','Used'),(56,'291','Cash Back 20000','2022-01-17 17:00:00','not Used'),(70,'292','Cash Back 5%','2022-01-03 17:00:00','not Used'),(44,'293','Gratis Ongkir','2021-11-28 17:00:00','Used'),(12,'294','Gratis Ongkir','2021-12-29 17:00:00','not Used'),(63,'295','Gratis Ongkir','2022-01-16 17:00:00','Used'),(13,'296','Gratis Ongkir','2021-12-24 17:00:00','Used'),(251,'297','Cash Back 10%','2021-12-25 17:00:00','not Used'),(1,'298','Cash Back 5%','2021-12-19 17:00:00','Used'),(2,'299','Gratis Ongkir','2021-12-25 17:00:00','Used'),(20,'3','Cash Back 10%','2022-02-25 17:00:00','Used'),(10,'30','Gratis Ongkir','2021-12-26 17:00:00','Used'),(40,'300','Cash Back 20%','2022-02-20 17:00:00','Used'),(87,'31','Gratis Ongkir','2021-12-18 17:00:00','Used'),(2,'32','Gratis Ongkir','2021-12-15 17:00:00','Used'),(94,'33','Gratis Ongkir','2021-11-22 17:00:00','Used'),(37,'34','Gratis Ongkir','2021-12-15 17:00:00','Used'),(86,'35','Gratis Ongkir','2022-01-24 17:00:00','Used'),(279,'36','Cash Back 20000','2022-01-12 17:00:00','not Used'),(9,'37','Gratis Ongkir','2022-01-02 17:00:00','Used'),(268,'38','Cash Back 20000','2021-12-13 17:00:00','not Used'),(86,'39','Gratis Ongkir','2021-12-17 17:00:00','Used'),(31,'4','Cash Back 20%','2021-11-29 17:00:00','not Used'),(39,'40','Gratis Ongkir','2021-12-14 17:00:00','Used'),(54,'41','Gratis Ongkir','2022-02-17 17:00:00','Used'),(71,'42','Gratis Ongkir','2022-01-18 17:00:00','Used'),(27,'43','Gratis Ongkir','2022-01-03 17:00:00','Used'),(23,'44','Gratis Ongkir','2021-12-27 17:00:00','Used'),(57,'45','Cash Back 20000','2022-01-18 17:00:00','not Used'),(12,'46','Gratis Ongkir','2022-01-24 17:00:00','Used'),(10,'47','Gratis Ongkir','2022-01-06 17:00:00','Used'),(97,'48','Gratis Ongkir','2021-12-04 17:00:00','Used'),(81,'49','Gratis Ongkir','2021-12-21 17:00:00','Used'),(282,'5','Cash Back 5%','2022-01-21 17:00:00','not Used'),(64,'50','Gratis Ongkir','2022-02-03 17:00:00','Used'),(35,'51','Gratis Ongkir','2022-01-23 17:00:00','Used'),(13,'52','Gratis Ongkir','2022-02-19 17:00:00','Used'),(17,'53','Gratis Ongkir','2022-02-18 17:00:00','Used'),(78,'54','Gratis Ongkir','2021-12-03 17:00:00','Used'),(226,'55','Cash Back 10%','2022-01-22 17:00:00','not Used'),(55,'56','Gratis Ongkir','2021-12-30 17:00:00','Used'),(57,'57','Gratis Ongkir','2021-12-08 17:00:00','Used'),(25,'58','Gratis Ongkir','2021-12-14 17:00:00','Used'),(60,'59','Gratis Ongkir','2022-02-08 17:00:00','Used'),(34,'6','Gratis Ongkir','2022-01-20 17:00:00','Used'),(94,'60','Gratis Ongkir','2022-02-19 17:00:00','Used'),(93,'61','Gratis Ongkir','2021-12-17 17:00:00','Used'),(83,'62','Gratis Ongkir','2022-01-28 17:00:00','Used'),(13,'63','Gratis Ongkir','2022-02-23 17:00:00','Used'),(9,'64','Cash Back 10%','2021-11-23 17:00:00','Used'),(43,'65','Gratis Ongkir','2021-12-18 17:00:00','Used'),(76,'66','Gratis Ongkir','2022-01-21 17:00:00','Used'),(83,'67','Gratis Ongkir','2021-12-05 17:00:00','Used'),(36,'68','Gratis Ongkir','2022-02-17 17:00:00','Used'),(29,'69','Gratis Ongkir','2021-11-22 17:00:00','Used'),(148,'7','Gratis Ongkir','2022-01-25 17:00:00','not Used'),(25,'70','Gratis Ongkir','2022-02-19 17:00:00','Used'),(14,'71','Gratis Ongkir','2022-01-02 17:00:00','Used'),(64,'72','Gratis Ongkir','2021-12-18 17:00:00','Used'),(29,'73','Gratis Ongkir','2021-12-10 17:00:00','Used'),(288,'74','Cash Back 20000','2021-11-28 17:00:00','not Used'),(62,'75','Gratis Ongkir','2021-11-23 17:00:00','Used'),(50,'76','Gratis Ongkir','2022-01-11 17:00:00','Used'),(38,'77','Cash Back 5%','2021-11-25 17:00:00','not Used'),(71,'78','Gratis Ongkir','2021-12-10 17:00:00','Used'),(80,'79','Gratis Ongkir','2022-01-17 17:00:00','Used'),(51,'8','Gratis Ongkir','2022-01-07 17:00:00','Used'),(96,'80','Gratis Ongkir','2021-12-27 17:00:00','Used'),(74,'81','Gratis Ongkir','2021-11-24 17:00:00','Used'),(8,'82','Cash Back 5%','2022-02-11 17:00:00','Used'),(83,'83','Cash Back 10%','2022-02-01 17:00:00','not Used'),(65,'84','Gratis Ongkir','2022-01-29 17:00:00','Used'),(22,'85','Cash Back 10%','2022-01-30 17:00:00','not Used'),(99,'86','Gratis Ongkir','2022-02-13 17:00:00','not Used'),(49,'87','Gratis Ongkir','2022-01-12 17:00:00','Used'),(88,'88','Gratis Ongkir','2022-02-25 17:00:00','Used'),(29,'89','Gratis Ongkir','2022-01-19 17:00:00','Used'),(94,'9','Gratis Ongkir','2022-01-30 17:00:00','Used'),(46,'90','Gratis Ongkir','2021-11-21 17:00:00','Used'),(81,'91','Gratis Ongkir','2022-01-05 17:00:00','Used'),(34,'92','Gratis Ongkir','2021-12-23 17:00:00','Used'),(282,'93','Cash Back 5%','2022-01-12 17:00:00','not Used'),(83,'94','Gratis Ongkir','2022-01-09 17:00:00','Used'),(1,'95','Gratis Ongkir','2021-11-20 17:00:00','Used'),(38,'96','Gratis Ongkir','2021-12-30 17:00:00','Used'),(5,'97','Cash Back 5%','2022-02-16 17:00:00','not Used'),(148,'98','Cash Back 5%','2021-11-27 17:00:00','not Used'),(48,'99','Gratis Ongkir','2022-02-08 17:00:00','Used');
/*!40000 ALTER TABLE `voucher` ENABLE KEYS */;
UNLOCK TABLES;
/*!40103 SET TIME_ZONE=@OLD_TIME_ZONE */;

/*!40101 SET SQL_MODE=@OLD_SQL_MODE */;
/*!40014 SET FOREIGN_KEY_CHECKS=@OLD_FOREIGN_KEY_CHECKS */;
/*!40014 SET UNIQUE_CHECKS=@OLD_UNIQUE_CHECKS */;
/*!40101 SET CHARACTER_SET_CLIENT=@OLD_CHARACTER_SET_CLIENT */;
/*!40101 SET CHARACTER_SET_RESULTS=@OLD_CHARACTER_SET_RESULTS */;
/*!40101 SET COLLATION_CONNECTION=@OLD_COLLATION_CONNECTION */;
/*!40111 SET SQL_NOTES=@OLD_SQL_NOTES */;

-- Dump completed on 2021-11-22 23:03:55
